0, Row 0, Fri Aug 11 2023 17:30:47 GMT-0300 (Brasilia Standard Time)
1000, Row 1000, Fri Aug 11 2023 17:30:47 GMT-0300 (Brasilia Standard Time)
2000, Row 2000, Fri Aug 11 2023 17:30:47 GMT-0300 (Brasilia Standard Time)
3000, Row 3000, Fri Aug 11 2023 17:30:47 GMT-0300 (Brasilia Standard Time)
4000, Row 4000, Fri Aug 11 2023 17:30:47 GMT-0300 (Brasilia Standard Time)
5000, Row 5000, Fri Aug 11 2023 17:30:47 GMT-0300 (Brasilia Standard Time)
6000, Row 6000, Fri Aug 11 2023 17:30:47 GMT-0300 (Brasilia Standard Time)
7000, Row 7000, Fri Aug 11 2023 17:30:47 GMT-0300 (Brasilia Standard Time)
8000, Row 8000, Fri Aug 11 2023 17:30:47 GMT-0300 (Brasilia Standard Time)
9000, Row 9000, Fri Aug 11 2023 17:30:47 GMT-0300 (Brasilia Standard Time)
10000, Row 10000, Fri Aug 11 2023 17:30:47 GMT-0300 (Brasilia Standard Time)
11000, Row 11000, Fri Aug 11 2023 17:30:47 GMT-0300 (Brasilia Standard Time)
12000, Row 12000, Fri Aug 11 2023 17:30:47 GMT-0300 (Brasilia Standard Time)
13000, Row 13000, Fri Aug 11 2023 17:30:47 GMT-0300 (Brasilia Standard Time)
14000, Row 14000, Fri Aug 11 2023 17:30:47 GMT-0300 (Brasilia Standard Time)
15000, Row 15000, Fri Aug 11 2023 17:30:47 GMT-0300 (Brasilia Standard Time)
16000, Row 16000, Fri Aug 11 2023 17:30:47 GMT-0300 (Brasilia Standard Time)
17000, Row 17000, Fri Aug 11 2023 17:30:47 GMT-0300 (Brasilia Standard Time)
18000, Row 18000, Fri Aug 11 2023 17:30:47 GMT-0300 (Brasilia Standard Time)
19000, Row 19000, Fri Aug 11 2023 17:30:47 GMT-0300 (Brasilia Standard Time)
20000, Row 20000, Fri Aug 11 2023 17:30:47 GMT-0300 (Brasilia Standard Time)
21000, Row 21000, Fri Aug 11 2023 17:30:47 GMT-0300 (Brasilia Standard Time)
22000, Row 22000, Fri Aug 11 2023 17:30:47 GMT-0300 (Brasilia Standard Time)
23000, Row 23000, Fri Aug 11 2023 17:30:47 GMT-0300 (Brasilia Standard Time)
24000, Row 24000, Fri Aug 11 2023 17:30:47 GMT-0300 (Brasilia Standard Time)
25000, Row 25000, Fri Aug 11 2023 17:30:47 GMT-0300 (Brasilia Standard Time)
26000, Row 26000, Fri Aug 11 2023 17:30:47 GMT-0300 (Brasilia Standard Time)
27000, Row 27000, Fri Aug 11 2023 17:30:47 GMT-0300 (Brasilia Standard Time)
28000, Row 28000, Fri Aug 11 2023 17:30:47 GMT-0300 (Brasilia Standard Time)
29000, Row 29000, Fri Aug 11 2023 17:30:47 GMT-0300 (Brasilia Standard Time)
30000, Row 30000, Fri Aug 11 2023 17:30:47 GMT-0300 (Brasilia Standard Time)
31000, Row 31000, Fri Aug 11 2023 17:30:47 GMT-0300 (Brasilia Standard Time)
32000, Row 32000, Fri Aug 11 2023 17:30:47 GMT-0300 (Brasilia Standard Time)
33000, Row 33000, Fri Aug 11 2023 17:30:47 GMT-0300 (Brasilia Standard Time)
34000, Row 34000, Fri Aug 11 2023 17:30:47 GMT-0300 (Brasilia Standard Time)
35000, Row 35000, Fri Aug 11 2023 17:30:47 GMT-0300 (Brasilia Standard Time)
36000, Row 36000, Fri Aug 11 2023 17:30:47 GMT-0300 (Brasilia Standard Time)
37000, Row 37000, Fri Aug 11 2023 17:30:47 GMT-0300 (Brasilia Standard Time)
38000, Row 38000, Fri Aug 11 2023 17:30:47 GMT-0300 (Brasilia Standard Time)
39000, Row 39000, Fri Aug 11 2023 17:30:47 GMT-0300 (Brasilia Standard Time)
40000, Row 40000, Fri Aug 11 2023 17:30:47 GMT-0300 (Brasilia Standard Time)
41000, Row 41000, Fri Aug 11 2023 17:30:47 GMT-0300 (Brasilia Standard Time)
42000, Row 42000, Fri Aug 11 2023 17:30:47 GMT-0300 (Brasilia Standard Time)
43000, Row 43000, Fri Aug 11 2023 17:30:47 GMT-0300 (Brasilia Standard Time)
44000, Row 44000, Fri Aug 11 2023 17:30:47 GMT-0300 (Brasilia Standard Time)
45000, Row 45000, Fri Aug 11 2023 17:30:47 GMT-0300 (Brasilia Standard Time)
46000, Row 46000, Fri Aug 11 2023 17:30:47 GMT-0300 (Brasilia Standard Time)
47000, Row 47000, Fri Aug 11 2023 17:30:47 GMT-0300 (Brasilia Standard Time)
48000, Row 48000, Fri Aug 11 2023 17:30:47 GMT-0300 (Brasilia Standard Time)
49000, Row 49000, Fri Aug 11 2023 17:30:47 GMT-0300 (Brasilia Standard Time)
50000, Row 50000, Fri Aug 11 2023 17:30:47 GMT-0300 (Brasilia Standard Time)
51000, Row 51000, Fri Aug 11 2023 17:30:47 GMT-0300 (Brasilia Standard Time)
52000, Row 52000, Fri Aug 11 2023 17:30:47 GMT-0300 (Brasilia Standard Time)
53000, Row 53000, Fri Aug 11 2023 17:30:47 GMT-0300 (Brasilia Standard Time)
54000, Row 54000, Fri Aug 11 2023 17:30:47 GMT-0300 (Brasilia Standard Time)
55000, Row 55000, Fri Aug 11 2023 17:30:47 GMT-0300 (Brasilia Standard Time)
56000, Row 56000, Fri Aug 11 2023 17:30:47 GMT-0300 (Brasilia Standard Time)
57000, Row 57000, Fri Aug 11 2023 17:30:47 GMT-0300 (Brasilia Standard Time)
58000, Row 58000, Fri Aug 11 2023 17:30:47 GMT-0300 (Brasilia Standard Time)
59000, Row 59000, Fri Aug 11 2023 17:30:47 GMT-0300 (Brasilia Standard Time)
60000, Row 60000, Fri Aug 11 2023 17:30:47 GMT-0300 (Brasilia Standard Time)
61000, Row 61000, Fri Aug 11 2023 17:30:47 GMT-0300 (Brasilia Standard Time)
62000, Row 62000, Fri Aug 11 2023 17:30:47 GMT-0300 (Brasilia Standard Time)
63000, Row 63000, Fri Aug 11 2023 17:30:47 GMT-0300 (Brasilia Standard Time)
64000, Row 64000, Fri Aug 11 2023 17:30:47 GMT-0300 (Brasilia Standard Time)
65000, Row 65000, Fri Aug 11 2023 17:30:47 GMT-0300 (Brasilia Standard Time)
66000, Row 66000, Fri Aug 11 2023 17:30:47 GMT-0300 (Brasilia Standard Time)
67000, Row 67000, Fri Aug 11 2023 17:30:47 GMT-0300 (Brasilia Standard Time)
68000, Row 68000, Fri Aug 11 2023 17:30:47 GMT-0300 (Brasilia Standard Time)
69000, Row 69000, Fri Aug 11 2023 17:30:47 GMT-0300 (Brasilia Standard Time)
70000, Row 70000, Fri Aug 11 2023 17:30:47 GMT-0300 (Brasilia Standard Time)
71000, Row 71000, Fri Aug 11 2023 17:30:47 GMT-0300 (Brasilia Standard Time)
72000, Row 72000, Fri Aug 11 2023 17:30:47 GMT-0300 (Brasilia Standard Time)
73000, Row 73000, Fri Aug 11 2023 17:30:47 GMT-0300 (Brasilia Standard Time)
74000, Row 74000, Fri Aug 11 2023 17:30:47 GMT-0300 (Brasilia Standard Time)
75000, Row 75000, Fri Aug 11 2023 17:30:47 GMT-0300 (Brasilia Standard Time)
76000, Row 76000, Fri Aug 11 2023 17:30:47 GMT-0300 (Brasilia Standard Time)
77000, Row 77000, Fri Aug 11 2023 17:30:47 GMT-0300 (Brasilia Standard Time)
78000, Row 78000, Fri Aug 11 2023 17:30:47 GMT-0300 (Brasilia Standard Time)
79000, Row 79000, Fri Aug 11 2023 17:30:47 GMT-0300 (Brasilia Standard Time)
80000, Row 80000, Fri Aug 11 2023 17:30:47 GMT-0300 (Brasilia Standard Time)
81000, Row 81000, Fri Aug 11 2023 17:30:47 GMT-0300 (Brasilia Standard Time)
82000, Row 82000, Fri Aug 11 2023 17:30:47 GMT-0300 (Brasilia Standard Time)
83000, Row 83000, Fri Aug 11 2023 17:30:47 GMT-0300 (Brasilia Standard Time)
84000, Row 84000, Fri Aug 11 2023 17:30:47 GMT-0300 (Brasilia Standard Time)
85000, Row 85000, Fri Aug 11 2023 17:30:47 GMT-0300 (Brasilia Standard Time)
86000, Row 86000, Fri Aug 11 2023 17:30:47 GMT-0300 (Brasilia Standard Time)
87000, Row 87000, Fri Aug 11 2023 17:30:47 GMT-0300 (Brasilia Standard Time)
88000, Row 88000, Fri Aug 11 2023 17:30:47 GMT-0300 (Brasilia Standard Time)
89000, Row 89000, Fri Aug 11 2023 17:30:47 GMT-0300 (Brasilia Standard Time)
90000, Row 90000, Fri Aug 11 2023 17:30:47 GMT-0300 (Brasilia Standard Time)
91000, Row 91000, Fri Aug 11 2023 17:30:47 GMT-0300 (Brasilia Standard Time)
92000, Row 92000, Fri Aug 11 2023 17:30:47 GMT-0300 (Brasilia Standard Time)
93000, Row 93000, Fri Aug 11 2023 17:30:47 GMT-0300 (Brasilia Standard Time)
94000, Row 94000, Fri Aug 11 2023 17:30:47 GMT-0300 (Brasilia Standard Time)
95000, Row 95000, Fri Aug 11 2023 17:30:47 GMT-0300 (Brasilia Standard Time)
96000, Row 96000, Fri Aug 11 2023 17:30:47 GMT-0300 (Brasilia Standard Time)
97000, Row 97000, Fri Aug 11 2023 17:30:47 GMT-0300 (Brasilia Standard Time)
98000, Row 98000, Fri Aug 11 2023 17:30:47 GMT-0300 (Brasilia Standard Time)
99000, Row 99000, Fri Aug 11 2023 17:30:47 GMT-0300 (Brasilia Standard Time)
100000, Row 100000, Fri Aug 11 2023 17:30:47 GMT-0300 (Brasilia Standard Time)
101000, Row 101000, Fri Aug 11 2023 17:30:47 GMT-0300 (Brasilia Standard Time)
102000, Row 102000, Fri Aug 11 2023 17:30:47 GMT-0300 (Brasilia Standard Time)
103000, Row 103000, Fri Aug 11 2023 17:30:47 GMT-0300 (Brasilia Standard Time)
104000, Row 104000, Fri Aug 11 2023 17:30:47 GMT-0300 (Brasilia Standard Time)
105000, Row 105000, Fri Aug 11 2023 17:30:47 GMT-0300 (Brasilia Standard Time)
106000, Row 106000, Fri Aug 11 2023 17:30:47 GMT-0300 (Brasilia Standard Time)
107000, Row 107000, Fri Aug 11 2023 17:30:47 GMT-0300 (Brasilia Standard Time)
108000, Row 108000, Fri Aug 11 2023 17:30:47 GMT-0300 (Brasilia Standard Time)
109000, Row 109000, Fri Aug 11 2023 17:30:47 GMT-0300 (Brasilia Standard Time)
110000, Row 110000, Fri Aug 11 2023 17:30:47 GMT-0300 (Brasilia Standard Time)
111000, Row 111000, Fri Aug 11 2023 17:30:47 GMT-0300 (Brasilia Standard Time)
112000, Row 112000, Fri Aug 11 2023 17:30:47 GMT-0300 (Brasilia Standard Time)
113000, Row 113000, Fri Aug 11 2023 17:30:47 GMT-0300 (Brasilia Standard Time)
114000, Row 114000, Fri Aug 11 2023 17:30:47 GMT-0300 (Brasilia Standard Time)
115000, Row 115000, Fri Aug 11 2023 17:30:47 GMT-0300 (Brasilia Standard Time)
116000, Row 116000, Fri Aug 11 2023 17:30:47 GMT-0300 (Brasilia Standard Time)
117000, Row 117000, Fri Aug 11 2023 17:30:47 GMT-0300 (Brasilia Standard Time)
118000, Row 118000, Fri Aug 11 2023 17:30:47 GMT-0300 (Brasilia Standard Time)
119000, Row 119000, Fri Aug 11 2023 17:30:47 GMT-0300 (Brasilia Standard Time)
120000, Row 120000, Fri Aug 11 2023 17:30:47 GMT-0300 (Brasilia Standard Time)
121000, Row 121000, Fri Aug 11 2023 17:30:47 GMT-0300 (Brasilia Standard Time)
122000, Row 122000, Fri Aug 11 2023 17:30:47 GMT-0300 (Brasilia Standard Time)
123000, Row 123000, Fri Aug 11 2023 17:30:47 GMT-0300 (Brasilia Standard Time)
124000, Row 124000, Fri Aug 11 2023 17:30:47 GMT-0300 (Brasilia Standard Time)
125000, Row 125000, Fri Aug 11 2023 17:30:47 GMT-0300 (Brasilia Standard Time)
126000, Row 126000, Fri Aug 11 2023 17:30:47 GMT-0300 (Brasilia Standard Time)
127000, Row 127000, Fri Aug 11 2023 17:30:47 GMT-0300 (Brasilia Standard Time)
128000, Row 128000, Fri Aug 11 2023 17:30:47 GMT-0300 (Brasilia Standard Time)
129000, Row 129000, Fri Aug 11 2023 17:30:47 GMT-0300 (Brasilia Standard Time)
130000, Row 130000, Fri Aug 11 2023 17:30:47 GMT-0300 (Brasilia Standard Time)
131000, Row 131000, Fri Aug 11 2023 17:30:47 GMT-0300 (Brasilia Standard Time)
132000, Row 132000, Fri Aug 11 2023 17:30:47 GMT-0300 (Brasilia Standard Time)
133000, Row 133000, Fri Aug 11 2023 17:30:47 GMT-0300 (Brasilia Standard Time)
134000, Row 134000, Fri Aug 11 2023 17:30:47 GMT-0300 (Brasilia Standard Time)
135000, Row 135000, Fri Aug 11 2023 17:30:47 GMT-0300 (Brasilia Standard Time)
136000, Row 136000, Fri Aug 11 2023 17:30:47 GMT-0300 (Brasilia Standard Time)
137000, Row 137000, Fri Aug 11 2023 17:30:47 GMT-0300 (Brasilia Standard Time)
138000, Row 138000, Fri Aug 11 2023 17:30:47 GMT-0300 (Brasilia Standard Time)
139000, Row 139000, Fri Aug 11 2023 17:30:47 GMT-0300 (Brasilia Standard Time)
140000, Row 140000, Fri Aug 11 2023 17:30:47 GMT-0300 (Brasilia Standard Time)
141000, Row 141000, Fri Aug 11 2023 17:30:47 GMT-0300 (Brasilia Standard Time)
142000, Row 142000, Fri Aug 11 2023 17:30:47 GMT-0300 (Brasilia Standard Time)
143000, Row 143000, Fri Aug 11 2023 17:30:47 GMT-0300 (Brasilia Standard Time)
144000, Row 144000, Fri Aug 11 2023 17:30:47 GMT-0300 (Brasilia Standard Time)
145000, Row 145000, Fri Aug 11 2023 17:30:47 GMT-0300 (Brasilia Standard Time)
146000, Row 146000, Fri Aug 11 2023 17:30:47 GMT-0300 (Brasilia Standard Time)
147000, Row 147000, Fri Aug 11 2023 17:30:47 GMT-0300 (Brasilia Standard Time)
148000, Row 148000, Fri Aug 11 2023 17:30:47 GMT-0300 (Brasilia Standard Time)
149000, Row 149000, Fri Aug 11 2023 17:30:47 GMT-0300 (Brasilia Standard Time)
150000, Row 150000, Fri Aug 11 2023 17:30:47 GMT-0300 (Brasilia Standard Time)
151000, Row 151000, Fri Aug 11 2023 17:30:47 GMT-0300 (Brasilia Standard Time)
152000, Row 152000, Fri Aug 11 2023 17:30:47 GMT-0300 (Brasilia Standard Time)
153000, Row 153000, Fri Aug 11 2023 17:30:47 GMT-0300 (Brasilia Standard Time)
154000, Row 154000, Fri Aug 11 2023 17:30:47 GMT-0300 (Brasilia Standard Time)
155000, Row 155000, Fri Aug 11 2023 17:30:47 GMT-0300 (Brasilia Standard Time)
156000, Row 156000, Fri Aug 11 2023 17:30:47 GMT-0300 (Brasilia Standard Time)
157000, Row 157000, Fri Aug 11 2023 17:30:47 GMT-0300 (Brasilia Standard Time)
158000, Row 158000, Fri Aug 11 2023 17:30:47 GMT-0300 (Brasilia Standard Time)
159000, Row 159000, Fri Aug 11 2023 17:30:47 GMT-0300 (Brasilia Standard Time)
160000, Row 160000, Fri Aug 11 2023 17:30:47 GMT-0300 (Brasilia Standard Time)
161000, Row 161000, Fri Aug 11 2023 17:30:47 GMT-0300 (Brasilia Standard Time)
162000, Row 162000, Fri Aug 11 2023 17:30:47 GMT-0300 (Brasilia Standard Time)
163000, Row 163000, Fri Aug 11 2023 17:30:47 GMT-0300 (Brasilia Standard Time)
164000, Row 164000, Fri Aug 11 2023 17:30:47 GMT-0300 (Brasilia Standard Time)
165000, Row 165000, Fri Aug 11 2023 17:30:47 GMT-0300 (Brasilia Standard Time)
166000, Row 166000, Fri Aug 11 2023 17:30:47 GMT-0300 (Brasilia Standard Time)
167000, Row 167000, Fri Aug 11 2023 17:30:47 GMT-0300 (Brasilia Standard Time)
168000, Row 168000, Fri Aug 11 2023 17:30:47 GMT-0300 (Brasilia Standard Time)
169000, Row 169000, Fri Aug 11 2023 17:30:47 GMT-0300 (Brasilia Standard Time)
170000, Row 170000, Fri Aug 11 2023 17:30:47 GMT-0300 (Brasilia Standard Time)
171000, Row 171000, Fri Aug 11 2023 17:30:47 GMT-0300 (Brasilia Standard Time)
172000, Row 172000, Fri Aug 11 2023 17:30:47 GMT-0300 (Brasilia Standard Time)
173000, Row 173000, Fri Aug 11 2023 17:30:47 GMT-0300 (Brasilia Standard Time)
174000, Row 174000, Fri Aug 11 2023 17:30:47 GMT-0300 (Brasilia Standard Time)
175000, Row 175000, Fri Aug 11 2023 17:30:47 GMT-0300 (Brasilia Standard Time)
176000, Row 176000, Fri Aug 11 2023 17:30:47 GMT-0300 (Brasilia Standard Time)
177000, Row 177000, Fri Aug 11 2023 17:30:47 GMT-0300 (Brasilia Standard Time)
178000, Row 178000, Fri Aug 11 2023 17:30:47 GMT-0300 (Brasilia Standard Time)
179000, Row 179000, Fri Aug 11 2023 17:30:47 GMT-0300 (Brasilia Standard Time)
180000, Row 180000, Fri Aug 11 2023 17:30:47 GMT-0300 (Brasilia Standard Time)
181000, Row 181000, Fri Aug 11 2023 17:30:47 GMT-0300 (Brasilia Standard Time)
182000, Row 182000, Fri Aug 11 2023 17:30:47 GMT-0300 (Brasilia Standard Time)
183000, Row 183000, Fri Aug 11 2023 17:30:47 GMT-0300 (Brasilia Standard Time)
184000, Row 184000, Fri Aug 11 2023 17:30:47 GMT-0300 (Brasilia Standard Time)
185000, Row 185000, Fri Aug 11 2023 17:30:47 GMT-0300 (Brasilia Standard Time)
186000, Row 186000, Fri Aug 11 2023 17:30:47 GMT-0300 (Brasilia Standard Time)
187000, Row 187000, Fri Aug 11 2023 17:30:47 GMT-0300 (Brasilia Standard Time)
188000, Row 188000, Fri Aug 11 2023 17:30:47 GMT-0300 (Brasilia Standard Time)
189000, Row 189000, Fri Aug 11 2023 17:30:47 GMT-0300 (Brasilia Standard Time)
190000, Row 190000, Fri Aug 11 2023 17:30:47 GMT-0300 (Brasilia Standard Time)
191000, Row 191000, Fri Aug 11 2023 17:30:47 GMT-0300 (Brasilia Standard Time)
192000, Row 192000, Fri Aug 11 2023 17:30:47 GMT-0300 (Brasilia Standard Time)
193000, Row 193000, Fri Aug 11 2023 17:30:47 GMT-0300 (Brasilia Standard Time)
194000, Row 194000, Fri Aug 11 2023 17:30:47 GMT-0300 (Brasilia Standard Time)
195000, Row 195000, Fri Aug 11 2023 17:30:47 GMT-0300 (Brasilia Standard Time)
196000, Row 196000, Fri Aug 11 2023 17:30:47 GMT-0300 (Brasilia Standard Time)
197000, Row 197000, Fri Aug 11 2023 17:30:47 GMT-0300 (Brasilia Standard Time)
198000, Row 198000, Fri Aug 11 2023 17:30:47 GMT-0300 (Brasilia Standard Time)
199000, Row 199000, Fri Aug 11 2023 17:30:47 GMT-0300 (Brasilia Standard Time)
200000, Row 200000, Fri Aug 11 2023 17:30:47 GMT-0300 (Brasilia Standard Time)
201000, Row 201000, Fri Aug 11 2023 17:30:47 GMT-0300 (Brasilia Standard Time)
202000, Row 202000, Fri Aug 11 2023 17:30:47 GMT-0300 (Brasilia Standard Time)
203000, Row 203000, Fri Aug 11 2023 17:30:47 GMT-0300 (Brasilia Standard Time)
204000, Row 204000, Fri Aug 11 2023 17:30:47 GMT-0300 (Brasilia Standard Time)
205000, Row 205000, Fri Aug 11 2023 17:30:47 GMT-0300 (Brasilia Standard Time)
206000, Row 206000, Fri Aug 11 2023 17:30:47 GMT-0300 (Brasilia Standard Time)
207000, Row 207000, Fri Aug 11 2023 17:30:47 GMT-0300 (Brasilia Standard Time)
208000, Row 208000, Fri Aug 11 2023 17:30:47 GMT-0300 (Brasilia Standard Time)
209000, Row 209000, Fri Aug 11 2023 17:30:47 GMT-0300 (Brasilia Standard Time)
210000, Row 210000, Fri Aug 11 2023 17:30:47 GMT-0300 (Brasilia Standard Time)
211000, Row 211000, Fri Aug 11 2023 17:30:47 GMT-0300 (Brasilia Standard Time)
212000, Row 212000, Fri Aug 11 2023 17:30:47 GMT-0300 (Brasilia Standard Time)
213000, Row 213000, Fri Aug 11 2023 17:30:47 GMT-0300 (Brasilia Standard Time)
214000, Row 214000, Fri Aug 11 2023 17:30:47 GMT-0300 (Brasilia Standard Time)
215000, Row 215000, Fri Aug 11 2023 17:30:47 GMT-0300 (Brasilia Standard Time)
216000, Row 216000, Fri Aug 11 2023 17:30:47 GMT-0300 (Brasilia Standard Time)
217000, Row 217000, Fri Aug 11 2023 17:30:47 GMT-0300 (Brasilia Standard Time)
218000, Row 218000, Fri Aug 11 2023 17:30:47 GMT-0300 (Brasilia Standard Time)
219000, Row 219000, Fri Aug 11 2023 17:30:47 GMT-0300 (Brasilia Standard Time)
220000, Row 220000, Fri Aug 11 2023 17:30:47 GMT-0300 (Brasilia Standard Time)
221000, Row 221000, Fri Aug 11 2023 17:30:47 GMT-0300 (Brasilia Standard Time)
222000, Row 222000, Fri Aug 11 2023 17:30:47 GMT-0300 (Brasilia Standard Time)
223000, Row 223000, Fri Aug 11 2023 17:30:47 GMT-0300 (Brasilia Standard Time)
224000, Row 224000, Fri Aug 11 2023 17:30:47 GMT-0300 (Brasilia Standard Time)
225000, Row 225000, Fri Aug 11 2023 17:30:47 GMT-0300 (Brasilia Standard Time)
226000, Row 226000, Fri Aug 11 2023 17:30:47 GMT-0300 (Brasilia Standard Time)
227000, Row 227000, Fri Aug 11 2023 17:30:47 GMT-0300 (Brasilia Standard Time)
228000, Row 228000, Fri Aug 11 2023 17:30:47 GMT-0300 (Brasilia Standard Time)
229000, Row 229000, Fri Aug 11 2023 17:30:47 GMT-0300 (Brasilia Standard Time)
230000, Row 230000, Fri Aug 11 2023 17:30:47 GMT-0300 (Brasilia Standard Time)
231000, Row 231000, Fri Aug 11 2023 17:30:47 GMT-0300 (Brasilia Standard Time)
232000, Row 232000, Fri Aug 11 2023 17:30:48 GMT-0300 (Brasilia Standard Time)
233000, Row 233000, Fri Aug 11 2023 17:30:48 GMT-0300 (Brasilia Standard Time)
234000, Row 234000, Fri Aug 11 2023 17:30:48 GMT-0300 (Brasilia Standard Time)
235000, Row 235000, Fri Aug 11 2023 17:30:48 GMT-0300 (Brasilia Standard Time)
236000, Row 236000, Fri Aug 11 2023 17:30:48 GMT-0300 (Brasilia Standard Time)
237000, Row 237000, Fri Aug 11 2023 17:30:48 GMT-0300 (Brasilia Standard Time)
238000, Row 238000, Fri Aug 11 2023 17:30:48 GMT-0300 (Brasilia Standard Time)
239000, Row 239000, Fri Aug 11 2023 17:30:48 GMT-0300 (Brasilia Standard Time)
240000, Row 240000, Fri Aug 11 2023 17:30:48 GMT-0300 (Brasilia Standard Time)
241000, Row 241000, Fri Aug 11 2023 17:30:48 GMT-0300 (Brasilia Standard Time)
242000, Row 242000, Fri Aug 11 2023 17:30:48 GMT-0300 (Brasilia Standard Time)
243000, Row 243000, Fri Aug 11 2023 17:30:48 GMT-0300 (Brasilia Standard Time)
244000, Row 244000, Fri Aug 11 2023 17:30:48 GMT-0300 (Brasilia Standard Time)
245000, Row 245000, Fri Aug 11 2023 17:30:48 GMT-0300 (Brasilia Standard Time)
246000, Row 246000, Fri Aug 11 2023 17:30:48 GMT-0300 (Brasilia Standard Time)
247000, Row 247000, Fri Aug 11 2023 17:30:48 GMT-0300 (Brasilia Standard Time)
248000, Row 248000, Fri Aug 11 2023 17:30:48 GMT-0300 (Brasilia Standard Time)
249000, Row 249000, Fri Aug 11 2023 17:30:48 GMT-0300 (Brasilia Standard Time)
250000, Row 250000, Fri Aug 11 2023 17:30:48 GMT-0300 (Brasilia Standard Time)
251000, Row 251000, Fri Aug 11 2023 17:30:48 GMT-0300 (Brasilia Standard Time)
252000, Row 252000, Fri Aug 11 2023 17:30:48 GMT-0300 (Brasilia Standard Time)
253000, Row 253000, Fri Aug 11 2023 17:30:48 GMT-0300 (Brasilia Standard Time)
254000, Row 254000, Fri Aug 11 2023 17:30:48 GMT-0300 (Brasilia Standard Time)
255000, Row 255000, Fri Aug 11 2023 17:30:48 GMT-0300 (Brasilia Standard Time)
256000, Row 256000, Fri Aug 11 2023 17:30:48 GMT-0300 (Brasilia Standard Time)
257000, Row 257000, Fri Aug 11 2023 17:30:48 GMT-0300 (Brasilia Standard Time)
258000, Row 258000, Fri Aug 11 2023 17:30:48 GMT-0300 (Brasilia Standard Time)
259000, Row 259000, Fri Aug 11 2023 17:30:48 GMT-0300 (Brasilia Standard Time)
260000, Row 260000, Fri Aug 11 2023 17:30:48 GMT-0300 (Brasilia Standard Time)
261000, Row 261000, Fri Aug 11 2023 17:30:48 GMT-0300 (Brasilia Standard Time)
262000, Row 262000, Fri Aug 11 2023 17:30:48 GMT-0300 (Brasilia Standard Time)
263000, Row 263000, Fri Aug 11 2023 17:30:48 GMT-0300 (Brasilia Standard Time)
264000, Row 264000, Fri Aug 11 2023 17:30:48 GMT-0300 (Brasilia Standard Time)
265000, Row 265000, Fri Aug 11 2023 17:30:48 GMT-0300 (Brasilia Standard Time)
266000, Row 266000, Fri Aug 11 2023 17:30:48 GMT-0300 (Brasilia Standard Time)
267000, Row 267000, Fri Aug 11 2023 17:30:48 GMT-0300 (Brasilia Standard Time)
268000, Row 268000, Fri Aug 11 2023 17:30:48 GMT-0300 (Brasilia Standard Time)
269000, Row 269000, Fri Aug 11 2023 17:30:48 GMT-0300 (Brasilia Standard Time)
270000, Row 270000, Fri Aug 11 2023 17:30:48 GMT-0300 (Brasilia Standard Time)
271000, Row 271000, Fri Aug 11 2023 17:30:48 GMT-0300 (Brasilia Standard Time)
272000, Row 272000, Fri Aug 11 2023 17:30:48 GMT-0300 (Brasilia Standard Time)
273000, Row 273000, Fri Aug 11 2023 17:30:48 GMT-0300 (Brasilia Standard Time)
274000, Row 274000, Fri Aug 11 2023 17:30:48 GMT-0300 (Brasilia Standard Time)
275000, Row 275000, Fri Aug 11 2023 17:30:48 GMT-0300 (Brasilia Standard Time)
276000, Row 276000, Fri Aug 11 2023 17:30:48 GMT-0300 (Brasilia Standard Time)
277000, Row 277000, Fri Aug 11 2023 17:30:48 GMT-0300 (Brasilia Standard Time)
278000, Row 278000, Fri Aug 11 2023 17:30:48 GMT-0300 (Brasilia Standard Time)
279000, Row 279000, Fri Aug 11 2023 17:30:48 GMT-0300 (Brasilia Standard Time)
280000, Row 280000, Fri Aug 11 2023 17:30:48 GMT-0300 (Brasilia Standard Time)
281000, Row 281000, Fri Aug 11 2023 17:30:48 GMT-0300 (Brasilia Standard Time)
282000, Row 282000, Fri Aug 11 2023 17:30:48 GMT-0300 (Brasilia Standard Time)
283000, Row 283000, Fri Aug 11 2023 17:30:48 GMT-0300 (Brasilia Standard Time)
284000, Row 284000, Fri Aug 11 2023 17:30:48 GMT-0300 (Brasilia Standard Time)
285000, Row 285000, Fri Aug 11 2023 17:30:48 GMT-0300 (Brasilia Standard Time)
286000, Row 286000, Fri Aug 11 2023 17:30:48 GMT-0300 (Brasilia Standard Time)
287000, Row 287000, Fri Aug 11 2023 17:30:48 GMT-0300 (Brasilia Standard Time)
288000, Row 288000, Fri Aug 11 2023 17:30:48 GMT-0300 (Brasilia Standard Time)
289000, Row 289000, Fri Aug 11 2023 17:30:48 GMT-0300 (Brasilia Standard Time)
290000, Row 290000, Fri Aug 11 2023 17:30:48 GMT-0300 (Brasilia Standard Time)
291000, Row 291000, Fri Aug 11 2023 17:30:48 GMT-0300 (Brasilia Standard Time)
292000, Row 292000, Fri Aug 11 2023 17:30:48 GMT-0300 (Brasilia Standard Time)
293000, Row 293000, Fri Aug 11 2023 17:30:48 GMT-0300 (Brasilia Standard Time)
294000, Row 294000, Fri Aug 11 2023 17:30:48 GMT-0300 (Brasilia Standard Time)
295000, Row 295000, Fri Aug 11 2023 17:30:48 GMT-0300 (Brasilia Standard Time)
296000, Row 296000, Fri Aug 11 2023 17:30:48 GMT-0300 (Brasilia Standard Time)
297000, Row 297000, Fri Aug 11 2023 17:30:48 GMT-0300 (Brasilia Standard Time)
298000, Row 298000, Fri Aug 11 2023 17:30:48 GMT-0300 (Brasilia Standard Time)
299000, Row 299000, Fri Aug 11 2023 17:30:48 GMT-0300 (Brasilia Standard Time)
300000, Row 300000, Fri Aug 11 2023 17:30:48 GMT-0300 (Brasilia Standard Time)
301000, Row 301000, Fri Aug 11 2023 17:30:48 GMT-0300 (Brasilia Standard Time)
302000, Row 302000, Fri Aug 11 2023 17:30:48 GMT-0300 (Brasilia Standard Time)
303000, Row 303000, Fri Aug 11 2023 17:30:48 GMT-0300 (Brasilia Standard Time)
304000, Row 304000, Fri Aug 11 2023 17:30:48 GMT-0300 (Brasilia Standard Time)
305000, Row 305000, Fri Aug 11 2023 17:30:48 GMT-0300 (Brasilia Standard Time)
306000, Row 306000, Fri Aug 11 2023 17:30:48 GMT-0300 (Brasilia Standard Time)
307000, Row 307000, Fri Aug 11 2023 17:30:48 GMT-0300 (Brasilia Standard Time)
308000, Row 308000, Fri Aug 11 2023 17:30:48 GMT-0300 (Brasilia Standard Time)
309000, Row 309000, Fri Aug 11 2023 17:30:48 GMT-0300 (Brasilia Standard Time)
310000, Row 310000, Fri Aug 11 2023 17:30:48 GMT-0300 (Brasilia Standard Time)
311000, Row 311000, Fri Aug 11 2023 17:30:48 GMT-0300 (Brasilia Standard Time)
312000, Row 312000, Fri Aug 11 2023 17:30:48 GMT-0300 (Brasilia Standard Time)
313000, Row 313000, Fri Aug 11 2023 17:30:48 GMT-0300 (Brasilia Standard Time)
314000, Row 314000, Fri Aug 11 2023 17:30:48 GMT-0300 (Brasilia Standard Time)
315000, Row 315000, Fri Aug 11 2023 17:30:48 GMT-0300 (Brasilia Standard Time)
316000, Row 316000, Fri Aug 11 2023 17:30:48 GMT-0300 (Brasilia Standard Time)
317000, Row 317000, Fri Aug 11 2023 17:30:48 GMT-0300 (Brasilia Standard Time)
318000, Row 318000, Fri Aug 11 2023 17:30:48 GMT-0300 (Brasilia Standard Time)
319000, Row 319000, Fri Aug 11 2023 17:30:48 GMT-0300 (Brasilia Standard Time)
320000, Row 320000, Fri Aug 11 2023 17:30:48 GMT-0300 (Brasilia Standard Time)
321000, Row 321000, Fri Aug 11 2023 17:30:48 GMT-0300 (Brasilia Standard Time)
322000, Row 322000, Fri Aug 11 2023 17:30:48 GMT-0300 (Brasilia Standard Time)
323000, Row 323000, Fri Aug 11 2023 17:30:48 GMT-0300 (Brasilia Standard Time)
324000, Row 324000, Fri Aug 11 2023 17:30:48 GMT-0300 (Brasilia Standard Time)
325000, Row 325000, Fri Aug 11 2023 17:30:48 GMT-0300 (Brasilia Standard Time)
326000, Row 326000, Fri Aug 11 2023 17:30:48 GMT-0300 (Brasilia Standard Time)
327000, Row 327000, Fri Aug 11 2023 17:30:48 GMT-0300 (Brasilia Standard Time)
328000, Row 328000, Fri Aug 11 2023 17:30:48 GMT-0300 (Brasilia Standard Time)
329000, Row 329000, Fri Aug 11 2023 17:30:48 GMT-0300 (Brasilia Standard Time)
330000, Row 330000, Fri Aug 11 2023 17:30:48 GMT-0300 (Brasilia Standard Time)
331000, Row 331000, Fri Aug 11 2023 17:30:48 GMT-0300 (Brasilia Standard Time)
332000, Row 332000, Fri Aug 11 2023 17:30:48 GMT-0300 (Brasilia Standard Time)
333000, Row 333000, Fri Aug 11 2023 17:30:48 GMT-0300 (Brasilia Standard Time)
334000, Row 334000, Fri Aug 11 2023 17:30:48 GMT-0300 (Brasilia Standard Time)
335000, Row 335000, Fri Aug 11 2023 17:30:48 GMT-0300 (Brasilia Standard Time)
336000, Row 336000, Fri Aug 11 2023 17:30:48 GMT-0300 (Brasilia Standard Time)
337000, Row 337000, Fri Aug 11 2023 17:30:48 GMT-0300 (Brasilia Standard Time)
338000, Row 338000, Fri Aug 11 2023 17:30:48 GMT-0300 (Brasilia Standard Time)
339000, Row 339000, Fri Aug 11 2023 17:30:48 GMT-0300 (Brasilia Standard Time)
340000, Row 340000, Fri Aug 11 2023 17:30:48 GMT-0300 (Brasilia Standard Time)
341000, Row 341000, Fri Aug 11 2023 17:30:48 GMT-0300 (Brasilia Standard Time)
342000, Row 342000, Fri Aug 11 2023 17:30:48 GMT-0300 (Brasilia Standard Time)
343000, Row 343000, Fri Aug 11 2023 17:30:48 GMT-0300 (Brasilia Standard Time)
344000, Row 344000, Fri Aug 11 2023 17:30:48 GMT-0300 (Brasilia Standard Time)
345000, Row 345000, Fri Aug 11 2023 17:30:48 GMT-0300 (Brasilia Standard Time)
346000, Row 346000, Fri Aug 11 2023 17:30:48 GMT-0300 (Brasilia Standard Time)
347000, Row 347000, Fri Aug 11 2023 17:30:48 GMT-0300 (Brasilia Standard Time)
348000, Row 348000, Fri Aug 11 2023 17:30:48 GMT-0300 (Brasilia Standard Time)
349000, Row 349000, Fri Aug 11 2023 17:30:48 GMT-0300 (Brasilia Standard Time)
350000, Row 350000, Fri Aug 11 2023 17:30:48 GMT-0300 (Brasilia Standard Time)
351000, Row 351000, Fri Aug 11 2023 17:30:48 GMT-0300 (Brasilia Standard Time)
352000, Row 352000, Fri Aug 11 2023 17:30:48 GMT-0300 (Brasilia Standard Time)
353000, Row 353000, Fri Aug 11 2023 17:30:48 GMT-0300 (Brasilia Standard Time)
354000, Row 354000, Fri Aug 11 2023 17:30:48 GMT-0300 (Brasilia Standard Time)
355000, Row 355000, Fri Aug 11 2023 17:30:48 GMT-0300 (Brasilia Standard Time)
356000, Row 356000, Fri Aug 11 2023 17:30:48 GMT-0300 (Brasilia Standard Time)
357000, Row 357000, Fri Aug 11 2023 17:30:48 GMT-0300 (Brasilia Standard Time)
358000, Row 358000, Fri Aug 11 2023 17:30:48 GMT-0300 (Brasilia Standard Time)
359000, Row 359000, Fri Aug 11 2023 17:30:48 GMT-0300 (Brasilia Standard Time)
360000, Row 360000, Fri Aug 11 2023 17:30:48 GMT-0300 (Brasilia Standard Time)
361000, Row 361000, Fri Aug 11 2023 17:30:48 GMT-0300 (Brasilia Standard Time)
362000, Row 362000, Fri Aug 11 2023 17:30:48 GMT-0300 (Brasilia Standard Time)
363000, Row 363000, Fri Aug 11 2023 17:30:48 GMT-0300 (Brasilia Standard Time)
364000, Row 364000, Fri Aug 11 2023 17:30:48 GMT-0300 (Brasilia Standard Time)
365000, Row 365000, Fri Aug 11 2023 17:30:48 GMT-0300 (Brasilia Standard Time)
366000, Row 366000, Fri Aug 11 2023 17:30:48 GMT-0300 (Brasilia Standard Time)
367000, Row 367000, Fri Aug 11 2023 17:30:48 GMT-0300 (Brasilia Standard Time)
368000, Row 368000, Fri Aug 11 2023 17:30:48 GMT-0300 (Brasilia Standard Time)
369000, Row 369000, Fri Aug 11 2023 17:30:48 GMT-0300 (Brasilia Standard Time)
370000, Row 370000, Fri Aug 11 2023 17:30:48 GMT-0300 (Brasilia Standard Time)
371000, Row 371000, Fri Aug 11 2023 17:30:48 GMT-0300 (Brasilia Standard Time)
372000, Row 372000, Fri Aug 11 2023 17:30:48 GMT-0300 (Brasilia Standard Time)
373000, Row 373000, Fri Aug 11 2023 17:30:48 GMT-0300 (Brasilia Standard Time)
374000, Row 374000, Fri Aug 11 2023 17:30:48 GMT-0300 (Brasilia Standard Time)
375000, Row 375000, Fri Aug 11 2023 17:30:48 GMT-0300 (Brasilia Standard Time)
376000, Row 376000, Fri Aug 11 2023 17:30:48 GMT-0300 (Brasilia Standard Time)
377000, Row 377000, Fri Aug 11 2023 17:30:48 GMT-0300 (Brasilia Standard Time)
378000, Row 378000, Fri Aug 11 2023 17:30:48 GMT-0300 (Brasilia Standard Time)
379000, Row 379000, Fri Aug 11 2023 17:30:48 GMT-0300 (Brasilia Standard Time)
380000, Row 380000, Fri Aug 11 2023 17:30:48 GMT-0300 (Brasilia Standard Time)
381000, Row 381000, Fri Aug 11 2023 17:30:48 GMT-0300 (Brasilia Standard Time)
382000, Row 382000, Fri Aug 11 2023 17:30:48 GMT-0300 (Brasilia Standard Time)
383000, Row 383000, Fri Aug 11 2023 17:30:48 GMT-0300 (Brasilia Standard Time)
384000, Row 384000, Fri Aug 11 2023 17:30:48 GMT-0300 (Brasilia Standard Time)
385000, Row 385000, Fri Aug 11 2023 17:30:48 GMT-0300 (Brasilia Standard Time)
386000, Row 386000, Fri Aug 11 2023 17:30:48 GMT-0300 (Brasilia Standard Time)
387000, Row 387000, Fri Aug 11 2023 17:30:48 GMT-0300 (Brasilia Standard Time)
388000, Row 388000, Fri Aug 11 2023 17:30:48 GMT-0300 (Brasilia Standard Time)
389000, Row 389000, Fri Aug 11 2023 17:30:48 GMT-0300 (Brasilia Standard Time)
390000, Row 390000, Fri Aug 11 2023 17:30:48 GMT-0300 (Brasilia Standard Time)
391000, Row 391000, Fri Aug 11 2023 17:30:48 GMT-0300 (Brasilia Standard Time)
392000, Row 392000, Fri Aug 11 2023 17:30:48 GMT-0300 (Brasilia Standard Time)
393000, Row 393000, Fri Aug 11 2023 17:30:48 GMT-0300 (Brasilia Standard Time)
394000, Row 394000, Fri Aug 11 2023 17:30:48 GMT-0300 (Brasilia Standard Time)
395000, Row 395000, Fri Aug 11 2023 17:30:48 GMT-0300 (Brasilia Standard Time)
396000, Row 396000, Fri Aug 11 2023 17:30:48 GMT-0300 (Brasilia Standard Time)
397000, Row 397000, Fri Aug 11 2023 17:30:48 GMT-0300 (Brasilia Standard Time)
398000, Row 398000, Fri Aug 11 2023 17:30:48 GMT-0300 (Brasilia Standard Time)
399000, Row 399000, Fri Aug 11 2023 17:30:48 GMT-0300 (Brasilia Standard Time)
400000, Row 400000, Fri Aug 11 2023 17:30:48 GMT-0300 (Brasilia Standard Time)
401000, Row 401000, Fri Aug 11 2023 17:30:48 GMT-0300 (Brasilia Standard Time)
402000, Row 402000, Fri Aug 11 2023 17:30:48 GMT-0300 (Brasilia Standard Time)
403000, Row 403000, Fri Aug 11 2023 17:30:48 GMT-0300 (Brasilia Standard Time)
404000, Row 404000, Fri Aug 11 2023 17:30:48 GMT-0300 (Brasilia Standard Time)
405000, Row 405000, Fri Aug 11 2023 17:30:48 GMT-0300 (Brasilia Standard Time)
406000, Row 406000, Fri Aug 11 2023 17:30:48 GMT-0300 (Brasilia Standard Time)
407000, Row 407000, Fri Aug 11 2023 17:30:48 GMT-0300 (Brasilia Standard Time)
408000, Row 408000, Fri Aug 11 2023 17:30:48 GMT-0300 (Brasilia Standard Time)
409000, Row 409000, Fri Aug 11 2023 17:30:48 GMT-0300 (Brasilia Standard Time)
410000, Row 410000, Fri Aug 11 2023 17:30:48 GMT-0300 (Brasilia Standard Time)
411000, Row 411000, Fri Aug 11 2023 17:30:48 GMT-0300 (Brasilia Standard Time)
412000, Row 412000, Fri Aug 11 2023 17:30:48 GMT-0300 (Brasilia Standard Time)
413000, Row 413000, Fri Aug 11 2023 17:30:48 GMT-0300 (Brasilia Standard Time)
414000, Row 414000, Fri Aug 11 2023 17:30:48 GMT-0300 (Brasilia Standard Time)
415000, Row 415000, Fri Aug 11 2023 17:30:48 GMT-0300 (Brasilia Standard Time)
416000, Row 416000, Fri Aug 11 2023 17:30:48 GMT-0300 (Brasilia Standard Time)
417000, Row 417000, Fri Aug 11 2023 17:30:48 GMT-0300 (Brasilia Standard Time)
418000, Row 418000, Fri Aug 11 2023 17:30:48 GMT-0300 (Brasilia Standard Time)
419000, Row 419000, Fri Aug 11 2023 17:30:48 GMT-0300 (Brasilia Standard Time)
420000, Row 420000, Fri Aug 11 2023 17:30:48 GMT-0300 (Brasilia Standard Time)
421000, Row 421000, Fri Aug 11 2023 17:30:48 GMT-0300 (Brasilia Standard Time)
422000, Row 422000, Fri Aug 11 2023 17:30:48 GMT-0300 (Brasilia Standard Time)
423000, Row 423000, Fri Aug 11 2023 17:30:48 GMT-0300 (Brasilia Standard Time)
424000, Row 424000, Fri Aug 11 2023 17:30:48 GMT-0300 (Brasilia Standard Time)
425000, Row 425000, Fri Aug 11 2023 17:30:48 GMT-0300 (Brasilia Standard Time)
426000, Row 426000, Fri Aug 11 2023 17:30:48 GMT-0300 (Brasilia Standard Time)
427000, Row 427000, Fri Aug 11 2023 17:30:48 GMT-0300 (Brasilia Standard Time)
428000, Row 428000, Fri Aug 11 2023 17:30:48 GMT-0300 (Brasilia Standard Time)
429000, Row 429000, Fri Aug 11 2023 17:30:48 GMT-0300 (Brasilia Standard Time)
430000, Row 430000, Fri Aug 11 2023 17:30:48 GMT-0300 (Brasilia Standard Time)
431000, Row 431000, Fri Aug 11 2023 17:30:48 GMT-0300 (Brasilia Standard Time)
432000, Row 432000, Fri Aug 11 2023 17:30:48 GMT-0300 (Brasilia Standard Time)
433000, Row 433000, Fri Aug 11 2023 17:30:48 GMT-0300 (Brasilia Standard Time)
434000, Row 434000, Fri Aug 11 2023 17:30:48 GMT-0300 (Brasilia Standard Time)
435000, Row 435000, Fri Aug 11 2023 17:30:48 GMT-0300 (Brasilia Standard Time)
436000, Row 436000, Fri Aug 11 2023 17:30:48 GMT-0300 (Brasilia Standard Time)
437000, Row 437000, Fri Aug 11 2023 17:30:48 GMT-0300 (Brasilia Standard Time)
438000, Row 438000, Fri Aug 11 2023 17:30:48 GMT-0300 (Brasilia Standard Time)
439000, Row 439000, Fri Aug 11 2023 17:30:48 GMT-0300 (Brasilia Standard Time)
440000, Row 440000, Fri Aug 11 2023 17:30:48 GMT-0300 (Brasilia Standard Time)
441000, Row 441000, Fri Aug 11 2023 17:30:48 GMT-0300 (Brasilia Standard Time)
442000, Row 442000, Fri Aug 11 2023 17:30:48 GMT-0300 (Brasilia Standard Time)
443000, Row 443000, Fri Aug 11 2023 17:30:48 GMT-0300 (Brasilia Standard Time)
444000, Row 444000, Fri Aug 11 2023 17:30:48 GMT-0300 (Brasilia Standard Time)
445000, Row 445000, Fri Aug 11 2023 17:30:48 GMT-0300 (Brasilia Standard Time)
446000, Row 446000, Fri Aug 11 2023 17:30:48 GMT-0300 (Brasilia Standard Time)
447000, Row 447000, Fri Aug 11 2023 17:30:48 GMT-0300 (Brasilia Standard Time)
448000, Row 448000, Fri Aug 11 2023 17:30:48 GMT-0300 (Brasilia Standard Time)
449000, Row 449000, Fri Aug 11 2023 17:30:48 GMT-0300 (Brasilia Standard Time)
450000, Row 450000, Fri Aug 11 2023 17:30:48 GMT-0300 (Brasilia Standard Time)
451000, Row 451000, Fri Aug 11 2023 17:30:48 GMT-0300 (Brasilia Standard Time)
452000, Row 452000, Fri Aug 11 2023 17:30:48 GMT-0300 (Brasilia Standard Time)
453000, Row 453000, Fri Aug 11 2023 17:30:48 GMT-0300 (Brasilia Standard Time)
454000, Row 454000, Fri Aug 11 2023 17:30:48 GMT-0300 (Brasilia Standard Time)
455000, Row 455000, Fri Aug 11 2023 17:30:48 GMT-0300 (Brasilia Standard Time)
456000, Row 456000, Fri Aug 11 2023 17:30:48 GMT-0300 (Brasilia Standard Time)
457000, Row 457000, Fri Aug 11 2023 17:30:48 GMT-0300 (Brasilia Standard Time)
458000, Row 458000, Fri Aug 11 2023 17:30:48 GMT-0300 (Brasilia Standard Time)
459000, Row 459000, Fri Aug 11 2023 17:30:48 GMT-0300 (Brasilia Standard Time)
460000, Row 460000, Fri Aug 11 2023 17:30:48 GMT-0300 (Brasilia Standard Time)
461000, Row 461000, Fri Aug 11 2023 17:30:48 GMT-0300 (Brasilia Standard Time)
462000, Row 462000, Fri Aug 11 2023 17:30:48 GMT-0300 (Brasilia Standard Time)
463000, Row 463000, Fri Aug 11 2023 17:30:48 GMT-0300 (Brasilia Standard Time)
464000, Row 464000, Fri Aug 11 2023 17:30:48 GMT-0300 (Brasilia Standard Time)
465000, Row 465000, Fri Aug 11 2023 17:30:48 GMT-0300 (Brasilia Standard Time)
466000, Row 466000, Fri Aug 11 2023 17:30:48 GMT-0300 (Brasilia Standard Time)
467000, Row 467000, Fri Aug 11 2023 17:30:48 GMT-0300 (Brasilia Standard Time)
468000, Row 468000, Fri Aug 11 2023 17:30:48 GMT-0300 (Brasilia Standard Time)
469000, Row 469000, Fri Aug 11 2023 17:30:48 GMT-0300 (Brasilia Standard Time)
470000, Row 470000, Fri Aug 11 2023 17:30:48 GMT-0300 (Brasilia Standard Time)
471000, Row 471000, Fri Aug 11 2023 17:30:48 GMT-0300 (Brasilia Standard Time)
472000, Row 472000, Fri Aug 11 2023 17:30:48 GMT-0300 (Brasilia Standard Time)
473000, Row 473000, Fri Aug 11 2023 17:30:48 GMT-0300 (Brasilia Standard Time)
474000, Row 474000, Fri Aug 11 2023 17:30:48 GMT-0300 (Brasilia Standard Time)
475000, Row 475000, Fri Aug 11 2023 17:30:48 GMT-0300 (Brasilia Standard Time)
476000, Row 476000, Fri Aug 11 2023 17:30:48 GMT-0300 (Brasilia Standard Time)
477000, Row 477000, Fri Aug 11 2023 17:30:48 GMT-0300 (Brasilia Standard Time)
478000, Row 478000, Fri Aug 11 2023 17:30:48 GMT-0300 (Brasilia Standard Time)
479000, Row 479000, Fri Aug 11 2023 17:30:48 GMT-0300 (Brasilia Standard Time)
480000, Row 480000, Fri Aug 11 2023 17:30:48 GMT-0300 (Brasilia Standard Time)
481000, Row 481000, Fri Aug 11 2023 17:30:48 GMT-0300 (Brasilia Standard Time)
482000, Row 482000, Fri Aug 11 2023 17:30:48 GMT-0300 (Brasilia Standard Time)
483000, Row 483000, Fri Aug 11 2023 17:30:48 GMT-0300 (Brasilia Standard Time)
484000, Row 484000, Fri Aug 11 2023 17:30:48 GMT-0300 (Brasilia Standard Time)
485000, Row 485000, Fri Aug 11 2023 17:30:48 GMT-0300 (Brasilia Standard Time)
486000, Row 486000, Fri Aug 11 2023 17:30:48 GMT-0300 (Brasilia Standard Time)
487000, Row 487000, Fri Aug 11 2023 17:30:48 GMT-0300 (Brasilia Standard Time)
488000, Row 488000, Fri Aug 11 2023 17:30:48 GMT-0300 (Brasilia Standard Time)
489000, Row 489000, Fri Aug 11 2023 17:30:48 GMT-0300 (Brasilia Standard Time)
490000, Row 490000, Fri Aug 11 2023 17:30:48 GMT-0300 (Brasilia Standard Time)
491000, Row 491000, Fri Aug 11 2023 17:30:48 GMT-0300 (Brasilia Standard Time)
492000, Row 492000, Fri Aug 11 2023 17:30:48 GMT-0300 (Brasilia Standard Time)
493000, Row 493000, Fri Aug 11 2023 17:30:48 GMT-0300 (Brasilia Standard Time)
494000, Row 494000, Fri Aug 11 2023 17:30:48 GMT-0300 (Brasilia Standard Time)
495000, Row 495000, Fri Aug 11 2023 17:30:48 GMT-0300 (Brasilia Standard Time)
496000, Row 496000, Fri Aug 11 2023 17:30:48 GMT-0300 (Brasilia Standard Time)
497000, Row 497000, Fri Aug 11 2023 17:30:48 GMT-0300 (Brasilia Standard Time)
498000, Row 498000, Fri Aug 11 2023 17:30:48 GMT-0300 (Brasilia Standard Time)
499000, Row 499000, Fri Aug 11 2023 17:30:48 GMT-0300 (Brasilia Standard Time)
500000, Row 500000, Fri Aug 11 2023 17:30:48 GMT-0300 (Brasilia Standard Time)
501000, Row 501000, Fri Aug 11 2023 17:30:48 GMT-0300 (Brasilia Standard Time)
502000, Row 502000, Fri Aug 11 2023 17:30:48 GMT-0300 (Brasilia Standard Time)
503000, Row 503000, Fri Aug 11 2023 17:30:48 GMT-0300 (Brasilia Standard Time)
504000, Row 504000, Fri Aug 11 2023 17:30:48 GMT-0300 (Brasilia Standard Time)
505000, Row 505000, Fri Aug 11 2023 17:30:48 GMT-0300 (Brasilia Standard Time)
506000, Row 506000, Fri Aug 11 2023 17:30:48 GMT-0300 (Brasilia Standard Time)
507000, Row 507000, Fri Aug 11 2023 17:30:48 GMT-0300 (Brasilia Standard Time)
508000, Row 508000, Fri Aug 11 2023 17:30:48 GMT-0300 (Brasilia Standard Time)
509000, Row 509000, Fri Aug 11 2023 17:30:48 GMT-0300 (Brasilia Standard Time)
510000, Row 510000, Fri Aug 11 2023 17:30:48 GMT-0300 (Brasilia Standard Time)
511000, Row 511000, Fri Aug 11 2023 17:30:48 GMT-0300 (Brasilia Standard Time)
512000, Row 512000, Fri Aug 11 2023 17:30:48 GMT-0300 (Brasilia Standard Time)
513000, Row 513000, Fri Aug 11 2023 17:30:48 GMT-0300 (Brasilia Standard Time)
514000, Row 514000, Fri Aug 11 2023 17:30:48 GMT-0300 (Brasilia Standard Time)
515000, Row 515000, Fri Aug 11 2023 17:30:48 GMT-0300 (Brasilia Standard Time)
516000, Row 516000, Fri Aug 11 2023 17:30:48 GMT-0300 (Brasilia Standard Time)
517000, Row 517000, Fri Aug 11 2023 17:30:48 GMT-0300 (Brasilia Standard Time)
518000, Row 518000, Fri Aug 11 2023 17:30:48 GMT-0300 (Brasilia Standard Time)
519000, Row 519000, Fri Aug 11 2023 17:30:48 GMT-0300 (Brasilia Standard Time)
520000, Row 520000, Fri Aug 11 2023 17:30:48 GMT-0300 (Brasilia Standard Time)
521000, Row 521000, Fri Aug 11 2023 17:30:48 GMT-0300 (Brasilia Standard Time)
522000, Row 522000, Fri Aug 11 2023 17:30:48 GMT-0300 (Brasilia Standard Time)
523000, Row 523000, Fri Aug 11 2023 17:30:48 GMT-0300 (Brasilia Standard Time)
524000, Row 524000, Fri Aug 11 2023 17:30:48 GMT-0300 (Brasilia Standard Time)
525000, Row 525000, Fri Aug 11 2023 17:30:48 GMT-0300 (Brasilia Standard Time)
526000, Row 526000, Fri Aug 11 2023 17:30:48 GMT-0300 (Brasilia Standard Time)
527000, Row 527000, Fri Aug 11 2023 17:30:48 GMT-0300 (Brasilia Standard Time)
528000, Row 528000, Fri Aug 11 2023 17:30:48 GMT-0300 (Brasilia Standard Time)
529000, Row 529000, Fri Aug 11 2023 17:30:48 GMT-0300 (Brasilia Standard Time)
530000, Row 530000, Fri Aug 11 2023 17:30:48 GMT-0300 (Brasilia Standard Time)
531000, Row 531000, Fri Aug 11 2023 17:30:48 GMT-0300 (Brasilia Standard Time)
532000, Row 532000, Fri Aug 11 2023 17:30:48 GMT-0300 (Brasilia Standard Time)
533000, Row 533000, Fri Aug 11 2023 17:30:48 GMT-0300 (Brasilia Standard Time)
534000, Row 534000, Fri Aug 11 2023 17:30:48 GMT-0300 (Brasilia Standard Time)
535000, Row 535000, Fri Aug 11 2023 17:30:48 GMT-0300 (Brasilia Standard Time)
536000, Row 536000, Fri Aug 11 2023 17:30:48 GMT-0300 (Brasilia Standard Time)
537000, Row 537000, Fri Aug 11 2023 17:30:48 GMT-0300 (Brasilia Standard Time)
538000, Row 538000, Fri Aug 11 2023 17:30:48 GMT-0300 (Brasilia Standard Time)
539000, Row 539000, Fri Aug 11 2023 17:30:48 GMT-0300 (Brasilia Standard Time)
540000, Row 540000, Fri Aug 11 2023 17:30:48 GMT-0300 (Brasilia Standard Time)
541000, Row 541000, Fri Aug 11 2023 17:30:48 GMT-0300 (Brasilia Standard Time)
542000, Row 542000, Fri Aug 11 2023 17:30:48 GMT-0300 (Brasilia Standard Time)
543000, Row 543000, Fri Aug 11 2023 17:30:48 GMT-0300 (Brasilia Standard Time)
544000, Row 544000, Fri Aug 11 2023 17:30:48 GMT-0300 (Brasilia Standard Time)
545000, Row 545000, Fri Aug 11 2023 17:30:48 GMT-0300 (Brasilia Standard Time)
546000, Row 546000, Fri Aug 11 2023 17:30:48 GMT-0300 (Brasilia Standard Time)
547000, Row 547000, Fri Aug 11 2023 17:30:48 GMT-0300 (Brasilia Standard Time)
548000, Row 548000, Fri Aug 11 2023 17:30:48 GMT-0300 (Brasilia Standard Time)
549000, Row 549000, Fri Aug 11 2023 17:30:48 GMT-0300 (Brasilia Standard Time)
550000, Row 550000, Fri Aug 11 2023 17:30:48 GMT-0300 (Brasilia Standard Time)
551000, Row 551000, Fri Aug 11 2023 17:30:48 GMT-0300 (Brasilia Standard Time)
552000, Row 552000, Fri Aug 11 2023 17:30:48 GMT-0300 (Brasilia Standard Time)
553000, Row 553000, Fri Aug 11 2023 17:30:48 GMT-0300 (Brasilia Standard Time)
554000, Row 554000, Fri Aug 11 2023 17:30:48 GMT-0300 (Brasilia Standard Time)
555000, Row 555000, Fri Aug 11 2023 17:30:48 GMT-0300 (Brasilia Standard Time)
556000, Row 556000, Fri Aug 11 2023 17:30:48 GMT-0300 (Brasilia Standard Time)
557000, Row 557000, Fri Aug 11 2023 17:30:48 GMT-0300 (Brasilia Standard Time)
558000, Row 558000, Fri Aug 11 2023 17:30:48 GMT-0300 (Brasilia Standard Time)
559000, Row 559000, Fri Aug 11 2023 17:30:48 GMT-0300 (Brasilia Standard Time)
560000, Row 560000, Fri Aug 11 2023 17:30:48 GMT-0300 (Brasilia Standard Time)
561000, Row 561000, Fri Aug 11 2023 17:30:48 GMT-0300 (Brasilia Standard Time)
562000, Row 562000, Fri Aug 11 2023 17:30:48 GMT-0300 (Brasilia Standard Time)
563000, Row 563000, Fri Aug 11 2023 17:30:48 GMT-0300 (Brasilia Standard Time)
564000, Row 564000, Fri Aug 11 2023 17:30:48 GMT-0300 (Brasilia Standard Time)
565000, Row 565000, Fri Aug 11 2023 17:30:48 GMT-0300 (Brasilia Standard Time)
566000, Row 566000, Fri Aug 11 2023 17:30:48 GMT-0300 (Brasilia Standard Time)
567000, Row 567000, Fri Aug 11 2023 17:30:48 GMT-0300 (Brasilia Standard Time)
568000, Row 568000, Fri Aug 11 2023 17:30:48 GMT-0300 (Brasilia Standard Time)
569000, Row 569000, Fri Aug 11 2023 17:30:48 GMT-0300 (Brasilia Standard Time)
570000, Row 570000, Fri Aug 11 2023 17:30:48 GMT-0300 (Brasilia Standard Time)
571000, Row 571000, Fri Aug 11 2023 17:30:48 GMT-0300 (Brasilia Standard Time)
572000, Row 572000, Fri Aug 11 2023 17:30:48 GMT-0300 (Brasilia Standard Time)
573000, Row 573000, Fri Aug 11 2023 17:30:48 GMT-0300 (Brasilia Standard Time)
574000, Row 574000, Fri Aug 11 2023 17:30:48 GMT-0300 (Brasilia Standard Time)
575000, Row 575000, Fri Aug 11 2023 17:30:48 GMT-0300 (Brasilia Standard Time)
576000, Row 576000, Fri Aug 11 2023 17:30:48 GMT-0300 (Brasilia Standard Time)
577000, Row 577000, Fri Aug 11 2023 17:30:48 GMT-0300 (Brasilia Standard Time)
578000, Row 578000, Fri Aug 11 2023 17:30:48 GMT-0300 (Brasilia Standard Time)
579000, Row 579000, Fri Aug 11 2023 17:30:48 GMT-0300 (Brasilia Standard Time)
580000, Row 580000, Fri Aug 11 2023 17:30:48 GMT-0300 (Brasilia Standard Time)
581000, Row 581000, Fri Aug 11 2023 17:30:48 GMT-0300 (Brasilia Standard Time)
582000, Row 582000, Fri Aug 11 2023 17:30:48 GMT-0300 (Brasilia Standard Time)
583000, Row 583000, Fri Aug 11 2023 17:30:48 GMT-0300 (Brasilia Standard Time)
584000, Row 584000, Fri Aug 11 2023 17:30:48 GMT-0300 (Brasilia Standard Time)
585000, Row 585000, Fri Aug 11 2023 17:30:48 GMT-0300 (Brasilia Standard Time)
586000, Row 586000, Fri Aug 11 2023 17:30:48 GMT-0300 (Brasilia Standard Time)
587000, Row 587000, Fri Aug 11 2023 17:30:48 GMT-0300 (Brasilia Standard Time)
588000, Row 588000, Fri Aug 11 2023 17:30:48 GMT-0300 (Brasilia Standard Time)
589000, Row 589000, Fri Aug 11 2023 17:30:48 GMT-0300 (Brasilia Standard Time)
590000, Row 590000, Fri Aug 11 2023 17:30:48 GMT-0300 (Brasilia Standard Time)
591000, Row 591000, Fri Aug 11 2023 17:30:48 GMT-0300 (Brasilia Standard Time)
592000, Row 592000, Fri Aug 11 2023 17:30:48 GMT-0300 (Brasilia Standard Time)
593000, Row 593000, Fri Aug 11 2023 17:30:48 GMT-0300 (Brasilia Standard Time)
594000, Row 594000, Fri Aug 11 2023 17:30:48 GMT-0300 (Brasilia Standard Time)
595000, Row 595000, Fri Aug 11 2023 17:30:48 GMT-0300 (Brasilia Standard Time)
596000, Row 596000, Fri Aug 11 2023 17:30:48 GMT-0300 (Brasilia Standard Time)
597000, Row 597000, Fri Aug 11 2023 17:30:48 GMT-0300 (Brasilia Standard Time)
598000, Row 598000, Fri Aug 11 2023 17:30:48 GMT-0300 (Brasilia Standard Time)
599000, Row 599000, Fri Aug 11 2023 17:30:48 GMT-0300 (Brasilia Standard Time)
600000, Row 600000, Fri Aug 11 2023 17:30:48 GMT-0300 (Brasilia Standard Time)
601000, Row 601000, Fri Aug 11 2023 17:30:48 GMT-0300 (Brasilia Standard Time)
602000, Row 602000, Fri Aug 11 2023 17:30:48 GMT-0300 (Brasilia Standard Time)
603000, Row 603000, Fri Aug 11 2023 17:30:48 GMT-0300 (Brasilia Standard Time)
604000, Row 604000, Fri Aug 11 2023 17:30:48 GMT-0300 (Brasilia Standard Time)
605000, Row 605000, Fri Aug 11 2023 17:30:48 GMT-0300 (Brasilia Standard Time)
606000, Row 606000, Fri Aug 11 2023 17:30:48 GMT-0300 (Brasilia Standard Time)
607000, Row 607000, Fri Aug 11 2023 17:30:48 GMT-0300 (Brasilia Standard Time)
608000, Row 608000, Fri Aug 11 2023 17:30:48 GMT-0300 (Brasilia Standard Time)
609000, Row 609000, Fri Aug 11 2023 17:30:48 GMT-0300 (Brasilia Standard Time)
610000, Row 610000, Fri Aug 11 2023 17:30:48 GMT-0300 (Brasilia Standard Time)
611000, Row 611000, Fri Aug 11 2023 17:30:48 GMT-0300 (Brasilia Standard Time)
612000, Row 612000, Fri Aug 11 2023 17:30:48 GMT-0300 (Brasilia Standard Time)
613000, Row 613000, Fri Aug 11 2023 17:30:48 GMT-0300 (Brasilia Standard Time)
614000, Row 614000, Fri Aug 11 2023 17:30:48 GMT-0300 (Brasilia Standard Time)
615000, Row 615000, Fri Aug 11 2023 17:30:48 GMT-0300 (Brasilia Standard Time)
616000, Row 616000, Fri Aug 11 2023 17:30:48 GMT-0300 (Brasilia Standard Time)
617000, Row 617000, Fri Aug 11 2023 17:30:48 GMT-0300 (Brasilia Standard Time)
618000, Row 618000, Fri Aug 11 2023 17:30:48 GMT-0300 (Brasilia Standard Time)
619000, Row 619000, Fri Aug 11 2023 17:30:48 GMT-0300 (Brasilia Standard Time)
620000, Row 620000, Fri Aug 11 2023 17:30:48 GMT-0300 (Brasilia Standard Time)
621000, Row 621000, Fri Aug 11 2023 17:30:48 GMT-0300 (Brasilia Standard Time)
622000, Row 622000, Fri Aug 11 2023 17:30:48 GMT-0300 (Brasilia Standard Time)
623000, Row 623000, Fri Aug 11 2023 17:30:48 GMT-0300 (Brasilia Standard Time)
624000, Row 624000, Fri Aug 11 2023 17:30:48 GMT-0300 (Brasilia Standard Time)
625000, Row 625000, Fri Aug 11 2023 17:30:48 GMT-0300 (Brasilia Standard Time)
626000, Row 626000, Fri Aug 11 2023 17:30:48 GMT-0300 (Brasilia Standard Time)
627000, Row 627000, Fri Aug 11 2023 17:30:48 GMT-0300 (Brasilia Standard Time)
628000, Row 628000, Fri Aug 11 2023 17:30:48 GMT-0300 (Brasilia Standard Time)
629000, Row 629000, Fri Aug 11 2023 17:30:48 GMT-0300 (Brasilia Standard Time)
630000, Row 630000, Fri Aug 11 2023 17:30:48 GMT-0300 (Brasilia Standard Time)
631000, Row 631000, Fri Aug 11 2023 17:30:48 GMT-0300 (Brasilia Standard Time)
632000, Row 632000, Fri Aug 11 2023 17:30:48 GMT-0300 (Brasilia Standard Time)
633000, Row 633000, Fri Aug 11 2023 17:30:48 GMT-0300 (Brasilia Standard Time)
634000, Row 634000, Fri Aug 11 2023 17:30:48 GMT-0300 (Brasilia Standard Time)
635000, Row 635000, Fri Aug 11 2023 17:30:48 GMT-0300 (Brasilia Standard Time)
636000, Row 636000, Fri Aug 11 2023 17:30:48 GMT-0300 (Brasilia Standard Time)
637000, Row 637000, Fri Aug 11 2023 17:30:48 GMT-0300 (Brasilia Standard Time)
638000, Row 638000, Fri Aug 11 2023 17:30:48 GMT-0300 (Brasilia Standard Time)
639000, Row 639000, Fri Aug 11 2023 17:30:48 GMT-0300 (Brasilia Standard Time)
640000, Row 640000, Fri Aug 11 2023 17:30:48 GMT-0300 (Brasilia Standard Time)
641000, Row 641000, Fri Aug 11 2023 17:30:48 GMT-0300 (Brasilia Standard Time)
642000, Row 642000, Fri Aug 11 2023 17:30:48 GMT-0300 (Brasilia Standard Time)
643000, Row 643000, Fri Aug 11 2023 17:30:48 GMT-0300 (Brasilia Standard Time)
644000, Row 644000, Fri Aug 11 2023 17:30:48 GMT-0300 (Brasilia Standard Time)
645000, Row 645000, Fri Aug 11 2023 17:30:48 GMT-0300 (Brasilia Standard Time)
646000, Row 646000, Fri Aug 11 2023 17:30:48 GMT-0300 (Brasilia Standard Time)
647000, Row 647000, Fri Aug 11 2023 17:30:48 GMT-0300 (Brasilia Standard Time)
648000, Row 648000, Fri Aug 11 2023 17:30:48 GMT-0300 (Brasilia Standard Time)
649000, Row 649000, Fri Aug 11 2023 17:30:48 GMT-0300 (Brasilia Standard Time)
650000, Row 650000, Fri Aug 11 2023 17:30:48 GMT-0300 (Brasilia Standard Time)
651000, Row 651000, Fri Aug 11 2023 17:30:48 GMT-0300 (Brasilia Standard Time)
652000, Row 652000, Fri Aug 11 2023 17:30:48 GMT-0300 (Brasilia Standard Time)
653000, Row 653000, Fri Aug 11 2023 17:30:48 GMT-0300 (Brasilia Standard Time)
654000, Row 654000, Fri Aug 11 2023 17:30:48 GMT-0300 (Brasilia Standard Time)
655000, Row 655000, Fri Aug 11 2023 17:30:48 GMT-0300 (Brasilia Standard Time)
656000, Row 656000, Fri Aug 11 2023 17:30:48 GMT-0300 (Brasilia Standard Time)
657000, Row 657000, Fri Aug 11 2023 17:30:48 GMT-0300 (Brasilia Standard Time)
658000, Row 658000, Fri Aug 11 2023 17:30:48 GMT-0300 (Brasilia Standard Time)
659000, Row 659000, Fri Aug 11 2023 17:30:48 GMT-0300 (Brasilia Standard Time)
660000, Row 660000, Fri Aug 11 2023 17:30:48 GMT-0300 (Brasilia Standard Time)
661000, Row 661000, Fri Aug 11 2023 17:30:48 GMT-0300 (Brasilia Standard Time)
662000, Row 662000, Fri Aug 11 2023 17:30:48 GMT-0300 (Brasilia Standard Time)
663000, Row 663000, Fri Aug 11 2023 17:30:48 GMT-0300 (Brasilia Standard Time)
664000, Row 664000, Fri Aug 11 2023 17:30:48 GMT-0300 (Brasilia Standard Time)
665000, Row 665000, Fri Aug 11 2023 17:30:48 GMT-0300 (Brasilia Standard Time)
666000, Row 666000, Fri Aug 11 2023 17:30:48 GMT-0300 (Brasilia Standard Time)
667000, Row 667000, Fri Aug 11 2023 17:30:48 GMT-0300 (Brasilia Standard Time)
668000, Row 668000, Fri Aug 11 2023 17:30:48 GMT-0300 (Brasilia Standard Time)
669000, Row 669000, Fri Aug 11 2023 17:30:48 GMT-0300 (Brasilia Standard Time)
670000, Row 670000, Fri Aug 11 2023 17:30:48 GMT-0300 (Brasilia Standard Time)
671000, Row 671000, Fri Aug 11 2023 17:30:48 GMT-0300 (Brasilia Standard Time)
672000, Row 672000, Fri Aug 11 2023 17:30:48 GMT-0300 (Brasilia Standard Time)
673000, Row 673000, Fri Aug 11 2023 17:30:48 GMT-0300 (Brasilia Standard Time)
674000, Row 674000, Fri Aug 11 2023 17:30:48 GMT-0300 (Brasilia Standard Time)
675000, Row 675000, Fri Aug 11 2023 17:30:48 GMT-0300 (Brasilia Standard Time)
676000, Row 676000, Fri Aug 11 2023 17:30:48 GMT-0300 (Brasilia Standard Time)
677000, Row 677000, Fri Aug 11 2023 17:30:48 GMT-0300 (Brasilia Standard Time)
678000, Row 678000, Fri Aug 11 2023 17:30:48 GMT-0300 (Brasilia Standard Time)
679000, Row 679000, Fri Aug 11 2023 17:30:48 GMT-0300 (Brasilia Standard Time)
680000, Row 680000, Fri Aug 11 2023 17:30:48 GMT-0300 (Brasilia Standard Time)
681000, Row 681000, Fri Aug 11 2023 17:30:48 GMT-0300 (Brasilia Standard Time)
682000, Row 682000, Fri Aug 11 2023 17:30:48 GMT-0300 (Brasilia Standard Time)
683000, Row 683000, Fri Aug 11 2023 17:30:48 GMT-0300 (Brasilia Standard Time)
684000, Row 684000, Fri Aug 11 2023 17:30:48 GMT-0300 (Brasilia Standard Time)
685000, Row 685000, Fri Aug 11 2023 17:30:48 GMT-0300 (Brasilia Standard Time)
686000, Row 686000, Fri Aug 11 2023 17:30:48 GMT-0300 (Brasilia Standard Time)
687000, Row 687000, Fri Aug 11 2023 17:30:48 GMT-0300 (Brasilia Standard Time)
688000, Row 688000, Fri Aug 11 2023 17:30:48 GMT-0300 (Brasilia Standard Time)
689000, Row 689000, Fri Aug 11 2023 17:30:48 GMT-0300 (Brasilia Standard Time)
690000, Row 690000, Fri Aug 11 2023 17:30:48 GMT-0300 (Brasilia Standard Time)
691000, Row 691000, Fri Aug 11 2023 17:30:48 GMT-0300 (Brasilia Standard Time)
692000, Row 692000, Fri Aug 11 2023 17:30:48 GMT-0300 (Brasilia Standard Time)
693000, Row 693000, Fri Aug 11 2023 17:30:48 GMT-0300 (Brasilia Standard Time)
694000, Row 694000, Fri Aug 11 2023 17:30:48 GMT-0300 (Brasilia Standard Time)
695000, Row 695000, Fri Aug 11 2023 17:30:48 GMT-0300 (Brasilia Standard Time)
696000, Row 696000, Fri Aug 11 2023 17:30:48 GMT-0300 (Brasilia Standard Time)
697000, Row 697000, Fri Aug 11 2023 17:30:48 GMT-0300 (Brasilia Standard Time)
698000, Row 698000, Fri Aug 11 2023 17:30:48 GMT-0300 (Brasilia Standard Time)
699000, Row 699000, Fri Aug 11 2023 17:30:48 GMT-0300 (Brasilia Standard Time)
700000, Row 700000, Fri Aug 11 2023 17:30:48 GMT-0300 (Brasilia Standard Time)
701000, Row 701000, Fri Aug 11 2023 17:30:48 GMT-0300 (Brasilia Standard Time)
702000, Row 702000, Fri Aug 11 2023 17:30:48 GMT-0300 (Brasilia Standard Time)
703000, Row 703000, Fri Aug 11 2023 17:30:48 GMT-0300 (Brasilia Standard Time)
704000, Row 704000, Fri Aug 11 2023 17:30:48 GMT-0300 (Brasilia Standard Time)
705000, Row 705000, Fri Aug 11 2023 17:30:48 GMT-0300 (Brasilia Standard Time)
706000, Row 706000, Fri Aug 11 2023 17:30:48 GMT-0300 (Brasilia Standard Time)
707000, Row 707000, Fri Aug 11 2023 17:30:48 GMT-0300 (Brasilia Standard Time)
708000, Row 708000, Fri Aug 11 2023 17:30:48 GMT-0300 (Brasilia Standard Time)
709000, Row 709000, Fri Aug 11 2023 17:30:48 GMT-0300 (Brasilia Standard Time)
710000, Row 710000, Fri Aug 11 2023 17:30:48 GMT-0300 (Brasilia Standard Time)
711000, Row 711000, Fri Aug 11 2023 17:30:48 GMT-0300 (Brasilia Standard Time)
712000, Row 712000, Fri Aug 11 2023 17:30:48 GMT-0300 (Brasilia Standard Time)
713000, Row 713000, Fri Aug 11 2023 17:30:48 GMT-0300 (Brasilia Standard Time)
714000, Row 714000, Fri Aug 11 2023 17:30:48 GMT-0300 (Brasilia Standard Time)
715000, Row 715000, Fri Aug 11 2023 17:30:48 GMT-0300 (Brasilia Standard Time)
716000, Row 716000, Fri Aug 11 2023 17:30:48 GMT-0300 (Brasilia Standard Time)
717000, Row 717000, Fri Aug 11 2023 17:30:48 GMT-0300 (Brasilia Standard Time)
718000, Row 718000, Fri Aug 11 2023 17:30:48 GMT-0300 (Brasilia Standard Time)
719000, Row 719000, Fri Aug 11 2023 17:30:48 GMT-0300 (Brasilia Standard Time)
720000, Row 720000, Fri Aug 11 2023 17:30:48 GMT-0300 (Brasilia Standard Time)
721000, Row 721000, Fri Aug 11 2023 17:30:48 GMT-0300 (Brasilia Standard Time)
722000, Row 722000, Fri Aug 11 2023 17:30:48 GMT-0300 (Brasilia Standard Time)
723000, Row 723000, Fri Aug 11 2023 17:30:48 GMT-0300 (Brasilia Standard Time)
724000, Row 724000, Fri Aug 11 2023 17:30:48 GMT-0300 (Brasilia Standard Time)
725000, Row 725000, Fri Aug 11 2023 17:30:48 GMT-0300 (Brasilia Standard Time)
726000, Row 726000, Fri Aug 11 2023 17:30:48 GMT-0300 (Brasilia Standard Time)
727000, Row 727000, Fri Aug 11 2023 17:30:48 GMT-0300 (Brasilia Standard Time)
728000, Row 728000, Fri Aug 11 2023 17:30:48 GMT-0300 (Brasilia Standard Time)
729000, Row 729000, Fri Aug 11 2023 17:30:48 GMT-0300 (Brasilia Standard Time)
730000, Row 730000, Fri Aug 11 2023 17:30:48 GMT-0300 (Brasilia Standard Time)
731000, Row 731000, Fri Aug 11 2023 17:30:48 GMT-0300 (Brasilia Standard Time)
732000, Row 732000, Fri Aug 11 2023 17:30:48 GMT-0300 (Brasilia Standard Time)
733000, Row 733000, Fri Aug 11 2023 17:30:48 GMT-0300 (Brasilia Standard Time)
734000, Row 734000, Fri Aug 11 2023 17:30:48 GMT-0300 (Brasilia Standard Time)
735000, Row 735000, Fri Aug 11 2023 17:30:48 GMT-0300 (Brasilia Standard Time)
736000, Row 736000, Fri Aug 11 2023 17:30:48 GMT-0300 (Brasilia Standard Time)
737000, Row 737000, Fri Aug 11 2023 17:30:48 GMT-0300 (Brasilia Standard Time)
738000, Row 738000, Fri Aug 11 2023 17:30:48 GMT-0300 (Brasilia Standard Time)
739000, Row 739000, Fri Aug 11 2023 17:30:48 GMT-0300 (Brasilia Standard Time)
740000, Row 740000, Fri Aug 11 2023 17:30:48 GMT-0300 (Brasilia Standard Time)
741000, Row 741000, Fri Aug 11 2023 17:30:48 GMT-0300 (Brasilia Standard Time)
742000, Row 742000, Fri Aug 11 2023 17:30:48 GMT-0300 (Brasilia Standard Time)
743000, Row 743000, Fri Aug 11 2023 17:30:48 GMT-0300 (Brasilia Standard Time)
744000, Row 744000, Fri Aug 11 2023 17:30:48 GMT-0300 (Brasilia Standard Time)
745000, Row 745000, Fri Aug 11 2023 17:30:48 GMT-0300 (Brasilia Standard Time)
746000, Row 746000, Fri Aug 11 2023 17:30:48 GMT-0300 (Brasilia Standard Time)
747000, Row 747000, Fri Aug 11 2023 17:30:48 GMT-0300 (Brasilia Standard Time)
748000, Row 748000, Fri Aug 11 2023 17:30:48 GMT-0300 (Brasilia Standard Time)
749000, Row 749000, Fri Aug 11 2023 17:30:48 GMT-0300 (Brasilia Standard Time)
750000, Row 750000, Fri Aug 11 2023 17:30:48 GMT-0300 (Brasilia Standard Time)
751000, Row 751000, Fri Aug 11 2023 17:30:48 GMT-0300 (Brasilia Standard Time)
752000, Row 752000, Fri Aug 11 2023 17:30:48 GMT-0300 (Brasilia Standard Time)
753000, Row 753000, Fri Aug 11 2023 17:30:48 GMT-0300 (Brasilia Standard Time)
754000, Row 754000, Fri Aug 11 2023 17:30:48 GMT-0300 (Brasilia Standard Time)
755000, Row 755000, Fri Aug 11 2023 17:30:48 GMT-0300 (Brasilia Standard Time)
756000, Row 756000, Fri Aug 11 2023 17:30:48 GMT-0300 (Brasilia Standard Time)
757000, Row 757000, Fri Aug 11 2023 17:30:48 GMT-0300 (Brasilia Standard Time)
758000, Row 758000, Fri Aug 11 2023 17:30:48 GMT-0300 (Brasilia Standard Time)
759000, Row 759000, Fri Aug 11 2023 17:30:48 GMT-0300 (Brasilia Standard Time)
760000, Row 760000, Fri Aug 11 2023 17:30:48 GMT-0300 (Brasilia Standard Time)
761000, Row 761000, Fri Aug 11 2023 17:30:48 GMT-0300 (Brasilia Standard Time)
762000, Row 762000, Fri Aug 11 2023 17:30:48 GMT-0300 (Brasilia Standard Time)
763000, Row 763000, Fri Aug 11 2023 17:30:48 GMT-0300 (Brasilia Standard Time)
764000, Row 764000, Fri Aug 11 2023 17:30:48 GMT-0300 (Brasilia Standard Time)
765000, Row 765000, Fri Aug 11 2023 17:30:48 GMT-0300 (Brasilia Standard Time)
766000, Row 766000, Fri Aug 11 2023 17:30:48 GMT-0300 (Brasilia Standard Time)
767000, Row 767000, Fri Aug 11 2023 17:30:48 GMT-0300 (Brasilia Standard Time)
768000, Row 768000, Fri Aug 11 2023 17:30:48 GMT-0300 (Brasilia Standard Time)
769000, Row 769000, Fri Aug 11 2023 17:30:48 GMT-0300 (Brasilia Standard Time)
770000, Row 770000, Fri Aug 11 2023 17:30:48 GMT-0300 (Brasilia Standard Time)
771000, Row 771000, Fri Aug 11 2023 17:30:48 GMT-0300 (Brasilia Standard Time)
772000, Row 772000, Fri Aug 11 2023 17:30:48 GMT-0300 (Brasilia Standard Time)
773000, Row 773000, Fri Aug 11 2023 17:30:48 GMT-0300 (Brasilia Standard Time)
774000, Row 774000, Fri Aug 11 2023 17:30:48 GMT-0300 (Brasilia Standard Time)
775000, Row 775000, Fri Aug 11 2023 17:30:48 GMT-0300 (Brasilia Standard Time)
776000, Row 776000, Fri Aug 11 2023 17:30:48 GMT-0300 (Brasilia Standard Time)
777000, Row 777000, Fri Aug 11 2023 17:30:48 GMT-0300 (Brasilia Standard Time)
778000, Row 778000, Fri Aug 11 2023 17:30:48 GMT-0300 (Brasilia Standard Time)
779000, Row 779000, Fri Aug 11 2023 17:30:48 GMT-0300 (Brasilia Standard Time)
780000, Row 780000, Fri Aug 11 2023 17:30:48 GMT-0300 (Brasilia Standard Time)
781000, Row 781000, Fri Aug 11 2023 17:30:48 GMT-0300 (Brasilia Standard Time)
782000, Row 782000, Fri Aug 11 2023 17:30:48 GMT-0300 (Brasilia Standard Time)
783000, Row 783000, Fri Aug 11 2023 17:30:48 GMT-0300 (Brasilia Standard Time)
784000, Row 784000, Fri Aug 11 2023 17:30:48 GMT-0300 (Brasilia Standard Time)
785000, Row 785000, Fri Aug 11 2023 17:30:48 GMT-0300 (Brasilia Standard Time)
786000, Row 786000, Fri Aug 11 2023 17:30:48 GMT-0300 (Brasilia Standard Time)
787000, Row 787000, Fri Aug 11 2023 17:30:48 GMT-0300 (Brasilia Standard Time)
788000, Row 788000, Fri Aug 11 2023 17:30:48 GMT-0300 (Brasilia Standard Time)
789000, Row 789000, Fri Aug 11 2023 17:30:48 GMT-0300 (Brasilia Standard Time)
790000, Row 790000, Fri Aug 11 2023 17:30:48 GMT-0300 (Brasilia Standard Time)
791000, Row 791000, Fri Aug 11 2023 17:30:48 GMT-0300 (Brasilia Standard Time)
792000, Row 792000, Fri Aug 11 2023 17:30:48 GMT-0300 (Brasilia Standard Time)
793000, Row 793000, Fri Aug 11 2023 17:30:48 GMT-0300 (Brasilia Standard Time)
794000, Row 794000, Fri Aug 11 2023 17:30:48 GMT-0300 (Brasilia Standard Time)
795000, Row 795000, Fri Aug 11 2023 17:30:48 GMT-0300 (Brasilia Standard Time)
796000, Row 796000, Fri Aug 11 2023 17:30:48 GMT-0300 (Brasilia Standard Time)
797000, Row 797000, Fri Aug 11 2023 17:30:48 GMT-0300 (Brasilia Standard Time)
798000, Row 798000, Fri Aug 11 2023 17:30:48 GMT-0300 (Brasilia Standard Time)
799000, Row 799000, Fri Aug 11 2023 17:30:48 GMT-0300 (Brasilia Standard Time)
800000, Row 800000, Fri Aug 11 2023 17:30:48 GMT-0300 (Brasilia Standard Time)
801000, Row 801000, Fri Aug 11 2023 17:30:48 GMT-0300 (Brasilia Standard Time)
802000, Row 802000, Fri Aug 11 2023 17:30:48 GMT-0300 (Brasilia Standard Time)
803000, Row 803000, Fri Aug 11 2023 17:30:48 GMT-0300 (Brasilia Standard Time)
804000, Row 804000, Fri Aug 11 2023 17:30:48 GMT-0300 (Brasilia Standard Time)
805000, Row 805000, Fri Aug 11 2023 17:30:48 GMT-0300 (Brasilia Standard Time)
806000, Row 806000, Fri Aug 11 2023 17:30:48 GMT-0300 (Brasilia Standard Time)
807000, Row 807000, Fri Aug 11 2023 17:30:48 GMT-0300 (Brasilia Standard Time)
808000, Row 808000, Fri Aug 11 2023 17:30:48 GMT-0300 (Brasilia Standard Time)
809000, Row 809000, Fri Aug 11 2023 17:30:48 GMT-0300 (Brasilia Standard Time)
810000, Row 810000, Fri Aug 11 2023 17:30:48 GMT-0300 (Brasilia Standard Time)
811000, Row 811000, Fri Aug 11 2023 17:30:48 GMT-0300 (Brasilia Standard Time)
812000, Row 812000, Fri Aug 11 2023 17:30:48 GMT-0300 (Brasilia Standard Time)
813000, Row 813000, Fri Aug 11 2023 17:30:48 GMT-0300 (Brasilia Standard Time)
814000, Row 814000, Fri Aug 11 2023 17:30:48 GMT-0300 (Brasilia Standard Time)
815000, Row 815000, Fri Aug 11 2023 17:30:48 GMT-0300 (Brasilia Standard Time)
816000, Row 816000, Fri Aug 11 2023 17:30:48 GMT-0300 (Brasilia Standard Time)
817000, Row 817000, Fri Aug 11 2023 17:30:48 GMT-0300 (Brasilia Standard Time)
818000, Row 818000, Fri Aug 11 2023 17:30:48 GMT-0300 (Brasilia Standard Time)
819000, Row 819000, Fri Aug 11 2023 17:30:48 GMT-0300 (Brasilia Standard Time)
820000, Row 820000, Fri Aug 11 2023 17:30:48 GMT-0300 (Brasilia Standard Time)
821000, Row 821000, Fri Aug 11 2023 17:30:48 GMT-0300 (Brasilia Standard Time)
822000, Row 822000, Fri Aug 11 2023 17:30:48 GMT-0300 (Brasilia Standard Time)
823000, Row 823000, Fri Aug 11 2023 17:30:48 GMT-0300 (Brasilia Standard Time)
824000, Row 824000, Fri Aug 11 2023 17:30:48 GMT-0300 (Brasilia Standard Time)
825000, Row 825000, Fri Aug 11 2023 17:30:48 GMT-0300 (Brasilia Standard Time)
826000, Row 826000, Fri Aug 11 2023 17:30:48 GMT-0300 (Brasilia Standard Time)
827000, Row 827000, Fri Aug 11 2023 17:30:48 GMT-0300 (Brasilia Standard Time)
828000, Row 828000, Fri Aug 11 2023 17:30:48 GMT-0300 (Brasilia Standard Time)
829000, Row 829000, Fri Aug 11 2023 17:30:48 GMT-0300 (Brasilia Standard Time)
830000, Row 830000, Fri Aug 11 2023 17:30:48 GMT-0300 (Brasilia Standard Time)
831000, Row 831000, Fri Aug 11 2023 17:30:48 GMT-0300 (Brasilia Standard Time)
832000, Row 832000, Fri Aug 11 2023 17:30:48 GMT-0300 (Brasilia Standard Time)
833000, Row 833000, Fri Aug 11 2023 17:30:48 GMT-0300 (Brasilia Standard Time)
834000, Row 834000, Fri Aug 11 2023 17:30:48 GMT-0300 (Brasilia Standard Time)
835000, Row 835000, Fri Aug 11 2023 17:30:48 GMT-0300 (Brasilia Standard Time)
836000, Row 836000, Fri Aug 11 2023 17:30:48 GMT-0300 (Brasilia Standard Time)
837000, Row 837000, Fri Aug 11 2023 17:30:48 GMT-0300 (Brasilia Standard Time)
838000, Row 838000, Fri Aug 11 2023 17:30:48 GMT-0300 (Brasilia Standard Time)
839000, Row 839000, Fri Aug 11 2023 17:30:48 GMT-0300 (Brasilia Standard Time)
840000, Row 840000, Fri Aug 11 2023 17:30:48 GMT-0300 (Brasilia Standard Time)
841000, Row 841000, Fri Aug 11 2023 17:30:48 GMT-0300 (Brasilia Standard Time)
842000, Row 842000, Fri Aug 11 2023 17:30:48 GMT-0300 (Brasilia Standard Time)
843000, Row 843000, Fri Aug 11 2023 17:30:48 GMT-0300 (Brasilia Standard Time)
844000, Row 844000, Fri Aug 11 2023 17:30:48 GMT-0300 (Brasilia Standard Time)
845000, Row 845000, Fri Aug 11 2023 17:30:48 GMT-0300 (Brasilia Standard Time)
846000, Row 846000, Fri Aug 11 2023 17:30:48 GMT-0300 (Brasilia Standard Time)
847000, Row 847000, Fri Aug 11 2023 17:30:48 GMT-0300 (Brasilia Standard Time)
848000, Row 848000, Fri Aug 11 2023 17:30:48 GMT-0300 (Brasilia Standard Time)
849000, Row 849000, Fri Aug 11 2023 17:30:48 GMT-0300 (Brasilia Standard Time)
850000, Row 850000, Fri Aug 11 2023 17:30:48 GMT-0300 (Brasilia Standard Time)
851000, Row 851000, Fri Aug 11 2023 17:30:48 GMT-0300 (Brasilia Standard Time)
852000, Row 852000, Fri Aug 11 2023 17:30:48 GMT-0300 (Brasilia Standard Time)
853000, Row 853000, Fri Aug 11 2023 17:30:48 GMT-0300 (Brasilia Standard Time)
854000, Row 854000, Fri Aug 11 2023 17:30:48 GMT-0300 (Brasilia Standard Time)
855000, Row 855000, Fri Aug 11 2023 17:30:48 GMT-0300 (Brasilia Standard Time)
856000, Row 856000, Fri Aug 11 2023 17:30:48 GMT-0300 (Brasilia Standard Time)
857000, Row 857000, Fri Aug 11 2023 17:30:48 GMT-0300 (Brasilia Standard Time)
858000, Row 858000, Fri Aug 11 2023 17:30:48 GMT-0300 (Brasilia Standard Time)
859000, Row 859000, Fri Aug 11 2023 17:30:48 GMT-0300 (Brasilia Standard Time)
860000, Row 860000, Fri Aug 11 2023 17:30:48 GMT-0300 (Brasilia Standard Time)
861000, Row 861000, Fri Aug 11 2023 17:30:48 GMT-0300 (Brasilia Standard Time)
862000, Row 862000, Fri Aug 11 2023 17:30:48 GMT-0300 (Brasilia Standard Time)
863000, Row 863000, Fri Aug 11 2023 17:30:48 GMT-0300 (Brasilia Standard Time)
864000, Row 864000, Fri Aug 11 2023 17:30:48 GMT-0300 (Brasilia Standard Time)
865000, Row 865000, Fri Aug 11 2023 17:30:48 GMT-0300 (Brasilia Standard Time)
866000, Row 866000, Fri Aug 11 2023 17:30:48 GMT-0300 (Brasilia Standard Time)
867000, Row 867000, Fri Aug 11 2023 17:30:48 GMT-0300 (Brasilia Standard Time)
868000, Row 868000, Fri Aug 11 2023 17:30:48 GMT-0300 (Brasilia Standard Time)
869000, Row 869000, Fri Aug 11 2023 17:30:48 GMT-0300 (Brasilia Standard Time)
870000, Row 870000, Fri Aug 11 2023 17:30:48 GMT-0300 (Brasilia Standard Time)
871000, Row 871000, Fri Aug 11 2023 17:30:48 GMT-0300 (Brasilia Standard Time)
872000, Row 872000, Fri Aug 11 2023 17:30:48 GMT-0300 (Brasilia Standard Time)
873000, Row 873000, Fri Aug 11 2023 17:30:48 GMT-0300 (Brasilia Standard Time)
874000, Row 874000, Fri Aug 11 2023 17:30:48 GMT-0300 (Brasilia Standard Time)
875000, Row 875000, Fri Aug 11 2023 17:30:48 GMT-0300 (Brasilia Standard Time)
876000, Row 876000, Fri Aug 11 2023 17:30:48 GMT-0300 (Brasilia Standard Time)
877000, Row 877000, Fri Aug 11 2023 17:30:48 GMT-0300 (Brasilia Standard Time)
878000, Row 878000, Fri Aug 11 2023 17:30:48 GMT-0300 (Brasilia Standard Time)
879000, Row 879000, Fri Aug 11 2023 17:30:48 GMT-0300 (Brasilia Standard Time)
880000, Row 880000, Fri Aug 11 2023 17:30:48 GMT-0300 (Brasilia Standard Time)
881000, Row 881000, Fri Aug 11 2023 17:30:48 GMT-0300 (Brasilia Standard Time)
882000, Row 882000, Fri Aug 11 2023 17:30:48 GMT-0300 (Brasilia Standard Time)
883000, Row 883000, Fri Aug 11 2023 17:30:48 GMT-0300 (Brasilia Standard Time)
884000, Row 884000, Fri Aug 11 2023 17:30:48 GMT-0300 (Brasilia Standard Time)
885000, Row 885000, Fri Aug 11 2023 17:30:48 GMT-0300 (Brasilia Standard Time)
886000, Row 886000, Fri Aug 11 2023 17:30:48 GMT-0300 (Brasilia Standard Time)
887000, Row 887000, Fri Aug 11 2023 17:30:48 GMT-0300 (Brasilia Standard Time)
888000, Row 888000, Fri Aug 11 2023 17:30:48 GMT-0300 (Brasilia Standard Time)
889000, Row 889000, Fri Aug 11 2023 17:30:48 GMT-0300 (Brasilia Standard Time)
890000, Row 890000, Fri Aug 11 2023 17:30:48 GMT-0300 (Brasilia Standard Time)
891000, Row 891000, Fri Aug 11 2023 17:30:48 GMT-0300 (Brasilia Standard Time)
892000, Row 892000, Fri Aug 11 2023 17:30:48 GMT-0300 (Brasilia Standard Time)
893000, Row 893000, Fri Aug 11 2023 17:30:48 GMT-0300 (Brasilia Standard Time)
894000, Row 894000, Fri Aug 11 2023 17:30:48 GMT-0300 (Brasilia Standard Time)
895000, Row 895000, Fri Aug 11 2023 17:30:48 GMT-0300 (Brasilia Standard Time)
896000, Row 896000, Fri Aug 11 2023 17:30:48 GMT-0300 (Brasilia Standard Time)
897000, Row 897000, Fri Aug 11 2023 17:30:48 GMT-0300 (Brasilia Standard Time)
898000, Row 898000, Fri Aug 11 2023 17:30:48 GMT-0300 (Brasilia Standard Time)
899000, Row 899000, Fri Aug 11 2023 17:30:48 GMT-0300 (Brasilia Standard Time)
900000, Row 900000, Fri Aug 11 2023 17:30:48 GMT-0300 (Brasilia Standard Time)
901000, Row 901000, Fri Aug 11 2023 17:30:48 GMT-0300 (Brasilia Standard Time)
902000, Row 902000, Fri Aug 11 2023 17:30:48 GMT-0300 (Brasilia Standard Time)
903000, Row 903000, Fri Aug 11 2023 17:30:48 GMT-0300 (Brasilia Standard Time)
904000, Row 904000, Fri Aug 11 2023 17:30:48 GMT-0300 (Brasilia Standard Time)
905000, Row 905000, Fri Aug 11 2023 17:30:48 GMT-0300 (Brasilia Standard Time)
906000, Row 906000, Fri Aug 11 2023 17:30:48 GMT-0300 (Brasilia Standard Time)
907000, Row 907000, Fri Aug 11 2023 17:30:48 GMT-0300 (Brasilia Standard Time)
908000, Row 908000, Fri Aug 11 2023 17:30:48 GMT-0300 (Brasilia Standard Time)
909000, Row 909000, Fri Aug 11 2023 17:30:48 GMT-0300 (Brasilia Standard Time)
910000, Row 910000, Fri Aug 11 2023 17:30:48 GMT-0300 (Brasilia Standard Time)
911000, Row 911000, Fri Aug 11 2023 17:30:48 GMT-0300 (Brasilia Standard Time)
912000, Row 912000, Fri Aug 11 2023 17:30:48 GMT-0300 (Brasilia Standard Time)
913000, Row 913000, Fri Aug 11 2023 17:30:48 GMT-0300 (Brasilia Standard Time)
914000, Row 914000, Fri Aug 11 2023 17:30:48 GMT-0300 (Brasilia Standard Time)
915000, Row 915000, Fri Aug 11 2023 17:30:48 GMT-0300 (Brasilia Standard Time)
916000, Row 916000, Fri Aug 11 2023 17:30:48 GMT-0300 (Brasilia Standard Time)
917000, Row 917000, Fri Aug 11 2023 17:30:48 GMT-0300 (Brasilia Standard Time)
918000, Row 918000, Fri Aug 11 2023 17:30:48 GMT-0300 (Brasilia Standard Time)
919000, Row 919000, Fri Aug 11 2023 17:30:48 GMT-0300 (Brasilia Standard Time)
920000, Row 920000, Fri Aug 11 2023 17:30:48 GMT-0300 (Brasilia Standard Time)
921000, Row 921000, Fri Aug 11 2023 17:30:48 GMT-0300 (Brasilia Standard Time)
922000, Row 922000, Fri Aug 11 2023 17:30:48 GMT-0300 (Brasilia Standard Time)
923000, Row 923000, Fri Aug 11 2023 17:30:48 GMT-0300 (Brasilia Standard Time)
924000, Row 924000, Fri Aug 11 2023 17:30:48 GMT-0300 (Brasilia Standard Time)
925000, Row 925000, Fri Aug 11 2023 17:30:48 GMT-0300 (Brasilia Standard Time)
926000, Row 926000, Fri Aug 11 2023 17:30:48 GMT-0300 (Brasilia Standard Time)
927000, Row 927000, Fri Aug 11 2023 17:30:48 GMT-0300 (Brasilia Standard Time)
928000, Row 928000, Fri Aug 11 2023 17:30:48 GMT-0300 (Brasilia Standard Time)
929000, Row 929000, Fri Aug 11 2023 17:30:48 GMT-0300 (Brasilia Standard Time)
930000, Row 930000, Fri Aug 11 2023 17:30:48 GMT-0300 (Brasilia Standard Time)
931000, Row 931000, Fri Aug 11 2023 17:30:48 GMT-0300 (Brasilia Standard Time)
932000, Row 932000, Fri Aug 11 2023 17:30:48 GMT-0300 (Brasilia Standard Time)
933000, Row 933000, Fri Aug 11 2023 17:30:48 GMT-0300 (Brasilia Standard Time)
934000, Row 934000, Fri Aug 11 2023 17:30:48 GMT-0300 (Brasilia Standard Time)
935000, Row 935000, Fri Aug 11 2023 17:30:48 GMT-0300 (Brasilia Standard Time)
936000, Row 936000, Fri Aug 11 2023 17:30:48 GMT-0300 (Brasilia Standard Time)
937000, Row 937000, Fri Aug 11 2023 17:30:48 GMT-0300 (Brasilia Standard Time)
938000, Row 938000, Fri Aug 11 2023 17:30:48 GMT-0300 (Brasilia Standard Time)
939000, Row 939000, Fri Aug 11 2023 17:30:48 GMT-0300 (Brasilia Standard Time)
940000, Row 940000, Fri Aug 11 2023 17:30:48 GMT-0300 (Brasilia Standard Time)
941000, Row 941000, Fri Aug 11 2023 17:30:48 GMT-0300 (Brasilia Standard Time)
942000, Row 942000, Fri Aug 11 2023 17:30:48 GMT-0300 (Brasilia Standard Time)
943000, Row 943000, Fri Aug 11 2023 17:30:48 GMT-0300 (Brasilia Standard Time)
944000, Row 944000, Fri Aug 11 2023 17:30:48 GMT-0300 (Brasilia Standard Time)
945000, Row 945000, Fri Aug 11 2023 17:30:48 GMT-0300 (Brasilia Standard Time)
946000, Row 946000, Fri Aug 11 2023 17:30:48 GMT-0300 (Brasilia Standard Time)
947000, Row 947000, Fri Aug 11 2023 17:30:48 GMT-0300 (Brasilia Standard Time)
948000, Row 948000, Fri Aug 11 2023 17:30:48 GMT-0300 (Brasilia Standard Time)
949000, Row 949000, Fri Aug 11 2023 17:30:48 GMT-0300 (Brasilia Standard Time)
950000, Row 950000, Fri Aug 11 2023 17:30:48 GMT-0300 (Brasilia Standard Time)
951000, Row 951000, Fri Aug 11 2023 17:30:48 GMT-0300 (Brasilia Standard Time)
952000, Row 952000, Fri Aug 11 2023 17:30:48 GMT-0300 (Brasilia Standard Time)
953000, Row 953000, Fri Aug 11 2023 17:30:48 GMT-0300 (Brasilia Standard Time)
954000, Row 954000, Fri Aug 11 2023 17:30:48 GMT-0300 (Brasilia Standard Time)
955000, Row 955000, Fri Aug 11 2023 17:30:48 GMT-0300 (Brasilia Standard Time)
956000, Row 956000, Fri Aug 11 2023 17:30:48 GMT-0300 (Brasilia Standard Time)
957000, Row 957000, Fri Aug 11 2023 17:30:48 GMT-0300 (Brasilia Standard Time)
958000, Row 958000, Fri Aug 11 2023 17:30:48 GMT-0300 (Brasilia Standard Time)
959000, Row 959000, Fri Aug 11 2023 17:30:48 GMT-0300 (Brasilia Standard Time)
960000, Row 960000, Fri Aug 11 2023 17:30:48 GMT-0300 (Brasilia Standard Time)
961000, Row 961000, Fri Aug 11 2023 17:30:48 GMT-0300 (Brasilia Standard Time)
962000, Row 962000, Fri Aug 11 2023 17:30:48 GMT-0300 (Brasilia Standard Time)
963000, Row 963000, Fri Aug 11 2023 17:30:48 GMT-0300 (Brasilia Standard Time)
964000, Row 964000, Fri Aug 11 2023 17:30:48 GMT-0300 (Brasilia Standard Time)
965000, Row 965000, Fri Aug 11 2023 17:30:48 GMT-0300 (Brasilia Standard Time)
966000, Row 966000, Fri Aug 11 2023 17:30:48 GMT-0300 (Brasilia Standard Time)
967000, Row 967000, Fri Aug 11 2023 17:30:48 GMT-0300 (Brasilia Standard Time)
968000, Row 968000, Fri Aug 11 2023 17:30:48 GMT-0300 (Brasilia Standard Time)
969000, Row 969000, Fri Aug 11 2023 17:30:48 GMT-0300 (Brasilia Standard Time)
970000, Row 970000, Fri Aug 11 2023 17:30:48 GMT-0300 (Brasilia Standard Time)
971000, Row 971000, Fri Aug 11 2023 17:30:48 GMT-0300 (Brasilia Standard Time)
972000, Row 972000, Fri Aug 11 2023 17:30:48 GMT-0300 (Brasilia Standard Time)
973000, Row 973000, Fri Aug 11 2023 17:30:48 GMT-0300 (Brasilia Standard Time)
974000, Row 974000, Fri Aug 11 2023 17:30:48 GMT-0300 (Brasilia Standard Time)
975000, Row 975000, Fri Aug 11 2023 17:30:48 GMT-0300 (Brasilia Standard Time)
976000, Row 976000, Fri Aug 11 2023 17:30:48 GMT-0300 (Brasilia Standard Time)
977000, Row 977000, Fri Aug 11 2023 17:30:48 GMT-0300 (Brasilia Standard Time)
978000, Row 978000, Fri Aug 11 2023 17:30:48 GMT-0300 (Brasilia Standard Time)
979000, Row 979000, Fri Aug 11 2023 17:30:48 GMT-0300 (Brasilia Standard Time)
980000, Row 980000, Fri Aug 11 2023 17:30:48 GMT-0300 (Brasilia Standard Time)
981000, Row 981000, Fri Aug 11 2023 17:30:48 GMT-0300 (Brasilia Standard Time)
982000, Row 982000, Fri Aug 11 2023 17:30:48 GMT-0300 (Brasilia Standard Time)
983000, Row 983000, Fri Aug 11 2023 17:30:48 GMT-0300 (Brasilia Standard Time)
984000, Row 984000, Fri Aug 11 2023 17:30:48 GMT-0300 (Brasilia Standard Time)
985000, Row 985000, Fri Aug 11 2023 17:30:48 GMT-0300 (Brasilia Standard Time)
986000, Row 986000, Fri Aug 11 2023 17:30:48 GMT-0300 (Brasilia Standard Time)
987000, Row 987000, Fri Aug 11 2023 17:30:48 GMT-0300 (Brasilia Standard Time)
988000, Row 988000, Fri Aug 11 2023 17:30:48 GMT-0300 (Brasilia Standard Time)
989000, Row 989000, Fri Aug 11 2023 17:30:48 GMT-0300 (Brasilia Standard Time)
990000, Row 990000, Fri Aug 11 2023 17:30:48 GMT-0300 (Brasilia Standard Time)
991000, Row 991000, Fri Aug 11 2023 17:30:48 GMT-0300 (Brasilia Standard Time)
992000, Row 992000, Fri Aug 11 2023 17:30:48 GMT-0300 (Brasilia Standard Time)
993000, Row 993000, Fri Aug 11 2023 17:30:48 GMT-0300 (Brasilia Standard Time)
994000, Row 994000, Fri Aug 11 2023 17:30:48 GMT-0300 (Brasilia Standard Time)
995000, Row 995000, Fri Aug 11 2023 17:30:48 GMT-0300 (Brasilia Standard Time)
996000, Row 996000, Fri Aug 11 2023 17:30:48 GMT-0300 (Brasilia Standard Time)
997000, Row 997000, Fri Aug 11 2023 17:30:48 GMT-0300 (Brasilia Standard Time)
998000, Row 998000, Fri Aug 11 2023 17:30:48 GMT-0300 (Brasilia Standard Time)
999000, Row 999000, Fri Aug 11 2023 17:30:48 GMT-0300 (Brasilia Standard Time)
1000000, Row 1000000, Fri Aug 11 2023 17:30:48 GMT-0300 (Brasilia Standard Time)
